q_id,q_group_id,pergunta_orig,query_enviada,tipo_anafora,modo,n_retornados,total_hits_est,tempo_ms,doc_1_id,doc_1_fonte,doc_1_data,doc_2_id,doc_3_id,doc_4_id,doc_5_id,doc_6_id,doc_7_id,doc_8_id,doc_9_id,doc_10_id,todos_doc_ids,erro
0001,2600,Que animal é o Cocas?,Que animal é o Cocas?,N/A,resolvida_sw,10,1000,28.0,PUBLICO-19950930-097,Publico,1995-09-30,FSP950210-007,PUBLICO-19941124-118,PUBLICO-19950505-055,FSP940703-067,PUBLICO-19940419-107,FSP951024-011,PUBLICO-19940119-159,PUBLICO-19940509-096,PUBLICO-19940922-055,PUBLICO-19950930-097|FSP950210-007|PUBLICO-19941124-118|PUBLICO-19950505-055|FSP940703-067|PUBLICO-19940419-107|FSP951024-011|PUBLICO-19940119-159|PUBLICO-19940509-096|PUBLICO-19940922-055,
0002,2601,Quem foi o criador de Tintin?,Quem foi o criador de Tintin?,N/A,resolvida_sw,10,1000,7.0,FSP950501-103,Folha,950501,FSP940131-135,PUBLICO-19940720-123,PUBLICO-19940502-015,PUBLICO-19951228-078,FSP940714-131,PUBLICO-19950731-089,PUBLICO-19951204-096,PUBLICO-19940419-115,PUBLICO-19941105-058,FSP950501-103|FSP940131-135|PUBLICO-19940720-123|PUBLICO-19940502-015|PUBLICO-19951228-078|FSP940714-131|PUBLICO-19950731-089|PUBLICO-19951204-096|PUBLICO-19940419-115|PUBLICO-19941105-058,
0003,2601,Quando é que ele foi criado?,Quando é que ele foi criado?,N/A,resolvida_sw,10,1000,9.5,FSP950507-010,Folha,950507,FSP950619-002,FSP950929-008,FSP950528-174,PUBLICO-19940613-050,PUBLICO-19950813-005,FSP940501-077,FSP940715-107,FSP940927-107,PUBLICO-19940612-074,FSP950507-010|FSP950619-002|FSP950929-008|FSP950528-174|PUBLICO-19940613-050|PUBLICO-19950813-005|FSP940501-077|FSP940715-107|FSP940927-107|PUBLICO-19940612-074,
0004,2601,Como se chama o cão dele?,Como se chama o cão dele?,N/A,resolvida_sw,10,1000,6.4,PUBLICO-19950427-125,Publico,1995-04-27,PUBLICO-19950605-074,PUBLICO-19950617-068,PUBLICO-19950919-132,PUBLICO-19940103-073,PUBLICO-19940104-102,PUBLICO-19950429-143,PUBLICO-19951002-071,PUBLICO-19940828-053,PUBLICO-19951017-009,PUBLICO-19950427-125|PUBLICO-19950605-074|PUBLICO-19950617-068|PUBLICO-19950919-132|PUBLICO-19940103-073|PUBLICO-19940104-102|PUBLICO-19950429-143|PUBLICO-19951002-071|PUBLICO-19940828-053|PUBLICO-19951017-009,
0005,2601,De que raça é o cão?,De que raça é o cão?,N/A,resolvida_sw,10,1000,14.7,FSP940326-006,Folha,940326,FSP951007-092,PUBLICO-19940121-130,PUBLICO-19940122-147,PUBLICO-19940828-053,PUBLICO-19941101-094,FSP940403-190,FSP940710-191,PUBLICO-19940404-059,PUBLICO-19941124-102,FSP940326-006|FSP951007-092|PUBLICO-19940121-130|PUBLICO-19940122-147|PUBLICO-19940828-053|PUBLICO-19941101-094|FSP940403-190|FSP940710-191|PUBLICO-19940404-059|PUBLICO-19941124-102,
0006,2602,Diga uma escola de samba fundada nos anos 40.,Diga uma escola de samba fundada nos anos 40.,N/A,resolvida_sw,10,365,46.2,PUBLICO-19950419-131,Publico,1995-04-19,PUBLICO-19940719-157,PUBLICO-19940216-061,PUBLICO-19951130-134,FSP940309-010,FSP951224-178,PUBLICO-19951019-139,PUBLICO-19951026-118,PUBLICO-19951102-102,PUBLICO-19951109-111,PUBLICO-19950419-131|PUBLICO-19940719-157|PUBLICO-19940216-061|PUBLICO-19951130-134|FSP940309-010|FSP951224-178|PUBLICO-19951019-139|PUBLICO-19951026-118|PUBLICO-19951102-102|PUBLICO-19951109-111,
0007,2603,Em que ano houve um terramoto no Irão?,Em que ano houve um terramoto no Irão?,N/A,resolvida_sw,10,1000,33.0,PUBLICO-19950322-134,Publico,1995-03-22,PUBLICO-19940512-132,PUBLICO-19940606-062,PUBLICO-19951230-053,PUBLICO-19940902-064,PUBLICO-19950531-170,PUBLICO-19941226-031,PUBLICO-19940322-001,PUBLICO-19950603-071,PUBLICO-19941202-117,PUBLICO-19950322-134|PUBLICO-19940512-132|PUBLICO-19940606-062|PUBLICO-19951230-053|PUBLICO-19940902-064|PUBLICO-19950531-170|PUBLICO-19941226-031|PUBLICO-19940322-001|PUBLICO-19950603-071|PUBLICO-19941202-117,
0008,2604,Quanto pesa um beija-flor?,Quanto pesa um beija-flor?,N/A,resolvida_sw,10,1000,17.2,PUBLICO-19951224-083,Publico,1995-12-24,PUBLICO-19941004-084,PUBLICO-19950701-061,PUBLICO-19941108-104,PUBLICO-19941019-117,PUBLICO-19940509-100,PUBLICO-19940521-142,PUBLICO-19951230-053,PUBLICO-19941002-113,PUBLICO-19940727-051,PUBLICO-19951224-083|PUBLICO-19941004-084|PUBLICO-19950701-061|PUBLICO-19941108-104|PUBLICO-19941019-117|PUBLICO-19940509-100|PUBLICO-19940521-142|PUBLICO-19951230-053|PUBLICO-19941002-113|PUBLICO-19940727-051,
0009,2605,Onde ficava a Gália Cisalpina?,Onde ficava a Gália Cisalpina?,N/A,resolvida_sw,10,1000,34.2,PUBLICO-19951202-070,Publico,1995-12-02,FSP940828-096,PUBLICO-19940706-135,PUBLICO-19940322-063,FSP951230-095,PUBLICO-19950507-063,FSP940509-088,PUBLICO-19950318-006,PUBLICO-19950527-104,PUBLICO-19951128-019,PUBLICO-19951202-070|FSP940828-096|PUBLICO-19940706-135|PUBLICO-19940322-063|FSP951230-095|PUBLICO-19950507-063|FSP940509-088|PUBLICO-19950318-006|PUBLICO-19950527-104|PUBLICO-19951128-019,
0010,2606,Quantas províncias tem a Catalunha?,Quantas províncias tem a Catalunha?,N/A,resolvida_sw,10,1000,15.9,PUBLICO-19940630-099,Publico,1994-06-30,PUBLICO-19950715-140,PUBLICO-19951126-035,PUBLICO-19940224-091,PUBLICO-19940422-086,PUBLICO-19941009-072,PUBLICO-19940213-081,PUBLICO-19940416-109,PUBLICO-19940811-082,PUBLICO-19940306-088,PUBLICO-19940630-099|PUBLICO-19950715-140|PUBLICO-19951126-035|PUBLICO-19940224-091|PUBLICO-19940422-086|PUBLICO-19941009-072|PUBLICO-19940213-081|PUBLICO-19940416-109|PUBLICO-19940811-082|PUBLICO-19940306-088,
0011,2607,Qual é a montanha mais alta do México?,Qual é a montanha mais alta do México?,N/A,resolvida_sw,10,1000,21.7,FSP951224-108,Folha,951224,PUBLICO-19940809-072,FSP950316-137,PUBLICO-19950228-002,PUBLICO-19940805-018,PUBLICO-19940802-018,PUBLICO-19950401-164,PUBLICO-19950711-047,FSP950418-003,PUBLICO-19940803-010,FSP951224-108|PUBLICO-19940809-072|FSP950316-137|PUBLICO-19950228-002|PUBLICO-19940805-018|PUBLICO-19940802-018|PUBLICO-19950401-164|PUBLICO-19950711-047|FSP950418-003|PUBLICO-19940803-010,
0012,2607,E do Japão?,E do Japão?,N/A,resolvida_sw,10,1000,6.1,FSP940821-170,Folha,940821,PUBLICO-19940701-056,PUBLICO-19950818-141,PUBLICO-19940628-035,PUBLICO-19940711-039,FSP950723-055,PUBLICO-19940127-066,PUBLICO-19940808-029,PUBLICO-19941014-005,PUBLICO-19950309-073,FSP940821-170|PUBLICO-19940701-056|PUBLICO-19950818-141|PUBLICO-19940628-035|PUBLICO-19940711-039|FSP950723-055|PUBLICO-19940127-066|PUBLICO-19940808-029|PUBLICO-19941014-005|PUBLICO-19950309-073,
0013,2608,Onde fica Saint-Exupéry?,Onde fica Saint-Exupéry?,N/A,resolvida_sw,10,1000,15.5,PUBLICO-19940521-163,Publico,1994-05-21,PUBLICO-19940522-121,PUBLICO-19940706-135,FSP940626-117,PUBLICO-19941025-021,PUBLICO-19941210-163,PUBLICO-19941214-117,PUBLICO-19940518-157,PUBLICO-19940315-121,PUBLICO-19940516-110,PUBLICO-19940521-163|PUBLICO-19940522-121|PUBLICO-19940706-135|FSP940626-117|PUBLICO-19941025-021|PUBLICO-19941210-163|PUBLICO-19941214-117|PUBLICO-19940518-157|PUBLICO-19940315-121|PUBLICO-19940516-110,
0014,2609,Qual a altura do Kebnekaise?,Qual a altura do Kebnekaise?,N/A,resolvida_sw,10,1000,10.8,PUBLICO-19940901-125,Publico,1994-09-01,PUBLICO-19951002-123,FSP941010-081,PUBLICO-19940603-104,PUBLICO-19940621-131,PUBLICO-19940802-122,PUBLICO-19950318-152,PUBLICO-19940607-145,PUBLICO-19940415-153,PUBLICO-19940625-003,PUBLICO-19940901-125|PUBLICO-19951002-123|FSP941010-081|PUBLICO-19940603-104|PUBLICO-19940621-131|PUBLICO-19940802-122|PUBLICO-19950318-152|PUBLICO-19940607-145|PUBLICO-19940415-153|PUBLICO-19940625-003,
0015,2610,Quem escreveu Fernão Capelo Gaivota?,Quem escreveu Fernão Capelo Gaivota?,N/A,resolvida_sw,10,1000,18.9,PUBLICO-19941213-141,Publico,1994-12-13,FSP940223-179,PUBLICO-19941123-108,PUBLICO-19951003-115,PUBLICO-19940329-112,FSP941008-072,PUBLICO-19950307-138,PUBLICO-19950815-006,PUBLICO-19951003-119,FSP950702-111,PUBLICO-19941213-141|FSP940223-179|PUBLICO-19941123-108|PUBLICO-19951003-115|PUBLICO-19940329-112|FSP941008-072|PUBLICO-19950307-138|PUBLICO-19950815-006|PUBLICO-19951003-119|FSP950702-111,
0016,2611,O que é um menir?,O que é um menir?,N/A,resolvida_sw,10,1000,17.8,PUBLICO-19950226-055,Publico,1995-02-26,PUBLICO-19940904-053,FSP950313-102,PUBLICO-19940910-006,PUBLICO-19950809-007,PUBLICO-19950813-096,FSP940816-054,FSP951202-008,FSP940108-120,FSP940309-077,PUBLICO-19950226-055|PUBLICO-19940904-053|FSP950313-102|PUBLICO-19940910-006|PUBLICO-19950809-007|PUBLICO-19950813-096|FSP940816-054|FSP951202-008|FSP940108-120|FSP940309-077,
0017,2612,Em que ano é que Ernie Els venceu o Dubai Open?,Em que ano é que Ernie Els venceu o Dubai Open?,N/A,resolvida_sw,10,1000,32.6,PUBLICO-19950104-013,Publico,1995-01-04,PUBLICO-19951015-011,PUBLICO-19950615-023,PUBLICO-19941110-023,PUBLICO-19940714-014,PUBLICO-19951022-033,PUBLICO-19941215-016,PUBLICO-19950119-023,FSP950513-106,PUBLICO-19940615-108,PUBLICO-19950104-013|PUBLICO-19951015-011|PUBLICO-19950615-023|PUBLICO-19941110-023|PUBLICO-19940714-014|PUBLICO-19951022-033|PUBLICO-19941215-016|PUBLICO-19950119-023|FSP950513-106|PUBLICO-19940615-108,
0018,2613,Quantos ossos têm a face?,Quantos ossos têm a face?,N/A,resolvida_sw,10,1000,17.0,PUBLICO-19941107-044,Publico,1994-11-07,PUBLICO-19940111-133,PUBLICO-19950203-181,PUBLICO-19940624-044,PUBLICO-19950308-138,FSP940715-127,PUBLICO-19940118-041,PUBLICO-19941014-156,PUBLICO-19941124-099,PUBLICO-19950603-198,PUBLICO-19941107-044|PUBLICO-19940111-133|PUBLICO-19950203-181|PUBLICO-19940624-044|PUBLICO-19950308-138|FSP940715-127|PUBLICO-19940118-041|PUBLICO-19941014-156|PUBLICO-19941124-099|PUBLICO-19950603-198,
0019,2614,Quando começou o Neolítico?,Quando começou o Neolítico?,N/A,resolvida_sw,10,1000,14.4,PUBLICO-19940119-123,Publico,1994-01-19,PUBLICO-19950222-091,FSP940304-012,FSP950827-201,PUBLICO-19940215-117,FSP940607-056,PUBLICO-19940212-133,FSP951024-049,FSP951029-032,PUBLICO-19941123-046,PUBLICO-19940119-123|PUBLICO-19950222-091|FSP940304-012|FSP950827-201|PUBLICO-19940215-117|FSP940607-056|PUBLICO-19940212-133|FSP951024-049|FSP951029-032|PUBLICO-19941123-046,
0020,2615,Quando nasceu Thomas Mann?,Quando nasceu Thomas Mann?,N/A,resolvida_sw,10,1000,29.8,PUBLICO-19940216-067,Publico,1994-02-16,FSP940222-135,FSP940220-166,PUBLICO-19940428-101,PUBLICO-19940824-098,FSP941010-064,PUBLICO-19950320-118,PUBLICO-19940816-033,PUBLICO-19940314-083,FSP950903-120,PUBLICO-19940216-067|FSP940222-135|FSP940220-166|PUBLICO-19940428-101|PUBLICO-19940824-098|FSP941010-064|PUBLICO-19950320-118|PUBLICO-19940816-033|PUBLICO-19940314-083|FSP950903-120,
0021,2615,E quando morreu?,E quando morreu?,N/A,resolvida_sw,10,1000,4.6,FSP950819-110,Folha,950819,FSP951111-097,PUBLICO-19941227-002,PUBLICO-19941002-095,PUBLICO-19950616-160,PUBLICO-19950720-011,PUBLICO-19951009-112,FSP940129-103,FSP940211-188,FSP940410-048,FSP950819-110|FSP951111-097|PUBLICO-19941227-002|PUBLICO-19941002-095|PUBLICO-19950616-160|PUBLICO-19950720-011|PUBLICO-19951009-112|FSP940129-103|FSP940211-188|FSP940410-048,
0022,2616,A que partido pertence Zapatero?,A que partido pertence Zapatero?,N/A,resolvida_sw,10,1000,20.7,FSP940413-028,Folha,940413,FSP950418-017,FSP940413-005,FSP950620-111,FSP951106-072,PUBLICO-19951018-110,FSP950717-023,FSP950822-054,FSP940425-104,PUBLICO-19940206-123,FSP940413-028|FSP950418-017|FSP940413-005|FSP950620-111|FSP951106-072|PUBLICO-19951018-110|FSP950717-023|FSP950822-054|FSP940425-104|PUBLICO-19940206-123,
0023,2617,Quem é FHC?,Quem é FHC?,N/A,resolvida_sw,10,1000,6.9,FSP940925-210,Folha,940925,FSP941023-002,FSP950218-024,FSP940203-184,FSP940220-065,FSP940220-079,FSP941001-011,FSP950130-009,FSP950611-111,FSP950725-042,FSP940925-210|FSP941023-002|FSP950218-024|FSP940203-184|FSP940220-065|FSP940220-079|FSP941001-011|FSP950130-009|FSP950611-111|FSP950725-042,
0024,2618,Quem foi Álvaro de Campos?,Quem foi Álvaro de Campos?,N/A,resolvida_sw,10,1000,7.2,FSP950120-015,Folha,950120,PUBLICO-19940905-017,FSP950701-059,FSP940110-069,PUBLICO-19940224-125,PUBLICO-19940612-054,PUBLICO-19950213-135,FSP940905-114,PUBLICO-19940909-050,FSP940313-189,FSP950120-015|PUBLICO-19940905-017|FSP950701-059|FSP940110-069|PUBLICO-19940224-125|PUBLICO-19940612-054|PUBLICO-19950213-135|FSP940905-114|PUBLICO-19940909-050|FSP940313-189,
0025,2618,Diga uma das suas obras.,Diga uma das suas obras.,N/A,resolvida_sw,10,365,17.1,PUBLICO-19941114-103,Publico,1994-11-14,PUBLICO-19951009-104,PUBLICO-19940412-119,FSP951005-083,PUBLICO-19950401-103,PUBLICO-19951220-011,FSP950429-105,PUBLICO-19940623-076,PUBLICO-19940628-108,PUBLICO-19941004-007,PUBLICO-19941114-103|PUBLICO-19951009-104|PUBLICO-19940412-119|FSP951005-083|PUBLICO-19950401-103|PUBLICO-19951220-011|FSP950429-105|PUBLICO-19940623-076|PUBLICO-19940628-108|PUBLICO-19941004-007,
0026,2619,Os tucanos são membros de que partido?,Os tucanos são membros de que partido?,N/A,resolvida_sw,10,1000,17.0,FSP940514-018,Folha,940514,FSP941020-011,FSP950717-024,FSP941223-011,FSP950510-031,FSP940508-021,FSP950906-020,FSP941125-018,FSP951102-011,FSP951209-015,FSP940514-018|FSP941020-011|FSP950717-024|FSP941223-011|FSP950510-031|FSP940508-021|FSP950906-020|FSP941125-018|FSP951102-011|FSP951209-015,
0027,2620,Quem foi Pierre Larousse?,Quem foi Pierre Larousse?,N/A,resolvida_sw,10,1000,17.3,PUBLICO-19940806-073,Publico,1994-08-06,PUBLICO-19941030-007,PUBLICO-19941222-106,PUBLICO-19950327-110,PUBLICO-19950426-107,FSP940124-115,FSP940124-116,PUBLICO-19940208-110,FSP940822-027,PUBLICO-19951231-021,PUBLICO-19940806-073|PUBLICO-19941030-007|PUBLICO-19941222-106|PUBLICO-19950327-110|PUBLICO-19950426-107|FSP940124-115|FSP940124-116|PUBLICO-19940208-110|FSP940822-027|PUBLICO-19951231-021,
0028,2621,O que é a Brabançonne?,O que é a Brabançonne?,N/A,resolvida_sw,10,1000,6.9,FSP950210-125,Folha,950210,PUBLICO-19950131-127,PUBLICO-19950131-128,PUBLICO-19950522-140,FSP940327-276,FSP940612-136,FSP940615-069,FSP941002-143,FSP941227-014,FSP950305-027,FSP950210-125|PUBLICO-19950131-127|PUBLICO-19950131-128|PUBLICO-19950522-140|FSP940327-276|FSP940612-136|FSP940615-069|FSP941002-143|FSP941227-014|FSP950305-027,
0029,2622,Onde vivem as aves tucanos?,Onde vivem as aves tucanos?,N/A,resolvida_sw,10,1000,44.1,PUBLICO-19940719-112,Publico,1994-07-19,PUBLICO-19940712-103,PUBLICO-19950913-122,PUBLICO-19950818-118,PUBLICO-19951204-094,PUBLICO-19940429-091,PUBLICO-19950922-149,FSP950922-105,PUBLICO-19950311-158,FSP951002-110,PUBLICO-19940719-112|PUBLICO-19940712-103|PUBLICO-19950913-122|PUBLICO-19950818-118|PUBLICO-19951204-094|PUBLICO-19940429-091|PUBLICO-19950922-149|FSP950922-105|PUBLICO-19950311-158|FSP951002-110,
0030,2623,Em que estado brasileiro habitam os tucanos?,Em que estado brasileiro habitam os tucanos?,N/A,resolvida_sw,10,1000,88.5,FSP950427-010,Folha,950427,PUBLICO-19941120-093,PUBLICO-19950314-119,PUBLICO-19940112-126,FSP950212-115,FSP951025-011,PUBLICO-19951004-110,FSP940106-181,PUBLICO-19940516-110,FSP941120-010,FSP950427-010|PUBLICO-19941120-093|PUBLICO-19950314-119|PUBLICO-19940112-126|FSP950212-115|FSP951025-011|PUBLICO-19951004-110|FSP940106-181|PUBLICO-19940516-110|FSP941120-010,
0031,2624,"Quem disse ""alea iacta est""?","Quem disse ""alea iacta est""?",N/A,resolvida_sw,0,0,1.4,,,,,,,,,,,,,,
0032,2624,Ao atravessar que rio?,Ao atravessar que rio?,N/A,resolvida_sw,10,1000,20.0,PUBLICO-19951115-015,Publico,1995-11-15,PUBLICO-19950608-090,PUBLICO-19950625-162,FSP940605-134,PUBLICO-19940530-071,PUBLICO-19950328-050,PUBLICO-19950602-085,PUBLICO-19950602-107,PUBLICO-19941027-060,PUBLICO-19940917-095,PUBLICO-19951115-015|PUBLICO-19950608-090|PUBLICO-19950625-162|FSP940605-134|PUBLICO-19940530-071|PUBLICO-19950328-050|PUBLICO-19950602-085|PUBLICO-19950602-107|PUBLICO-19941027-060|PUBLICO-19940917-095,
0033,2625,Que político é conhecido como Iznogoud?,Que político é conhecido como Iznogoud?,N/A,resolvida_sw,10,1000,21.3,PUBLICO-19941113-091,Publico,1994-11-13,FSP940305-035,PUBLICO-19940903-091,FSP951130-162,PUBLICO-19940327-061,PUBLICO-19950219-060,PUBLICO-19951202-076,FSP940424-124,PUBLICO-19940601-147,PUBLICO-19950215-126,PUBLICO-19941113-091|FSP940305-035|PUBLICO-19940903-091|FSP951130-162|PUBLICO-19940327-061|PUBLICO-19950219-060|PUBLICO-19951202-076|FSP940424-124|PUBLICO-19940601-147|PUBLICO-19950215-126,
0034,2626,O que é uma cítara?,O que é uma cítara?,N/A,resolvida_sw,10,1000,8.0,FSP950530-105,Folha,950530,FSP950512-102,PUBLICO-19941017-082,FSP950102-075,FSP950518-101,FSP950922-022,FSP951020-119,PUBLICO-19940225-139,PUBLICO-19940907-122,PUBLICO-19950614-003,FSP950530-105|FSP950512-102|PUBLICO-19941017-082|FSP950102-075|FSP950518-101|FSP950922-022|FSP951020-119|PUBLICO-19940225-139|PUBLICO-19940907-122|PUBLICO-19950614-003,
0035,2627,O que era o A6M Zero?,O que era o A6M Zero?,N/A,resolvida_sw,10,1000,5.2,PUBLICO-19950620-019,Publico,1995-06-20,PUBLICO-19950716-022,PUBLICO-19950806-008,PUBLICO-19950131-127,PUBLICO-19950131-128,PUBLICO-19950522-140,FSP940327-276,FSP940612-136,FSP940615-069,FSP941002-143,PUBLICO-19950620-019|PUBLICO-19950716-022|PUBLICO-19950806-008|PUBLICO-19950131-127|PUBLICO-19950131-128|PUBLICO-19950522-140|FSP940327-276|FSP940612-136|FSP940615-069|FSP941002-143,
0036,2628,Diga um gás nobre.,Diga um gás nobre.,N/A,resolvida_sw,10,365,20.0,PUBLICO-19951215-127,Publico,1995-12-15,PUBLICO-19941229-104,PUBLICO-19950628-158,PUBLICO-19950702-051,PUBLICO-19950718-144,PUBLICO-19950324-071,PUBLICO-19950620-151,FSP940526-027,FSP950716-157,FSP940812-012,PUBLICO-19951215-127|PUBLICO-19941229-104|PUBLICO-19950628-158|PUBLICO-19950702-051|PUBLICO-19950718-144|PUBLICO-19950324-071|PUBLICO-19950620-151|FSP940526-027|FSP950716-157|FSP940812-012,
0037,2628,E um não-metal,E um não-metal,N/A,resolvida_sw,10,1000,13.6,FSP950920-004,Folha,950920,PUBLICO-19950911-070,PUBLICO-19950518-176,PUBLICO-19950704-140,PUBLICO-19951024-120,PUBLICO-19940627-090,PUBLICO-19950911-058,FSP940513-097,PUBLICO-19950418-108,FSP940319-161,FSP950920-004|PUBLICO-19950911-070|PUBLICO-19950518-176|PUBLICO-19950704-140|PUBLICO-19951024-120|PUBLICO-19940627-090|PUBLICO-19950911-058|FSP940513-097|PUBLICO-19950418-108|FSP940319-161,
0038,2629,Qual é o asteróide número 4?,Qual é o asteróide número 4?,N/A,resolvida_sw,10,1000,17.4,FSP940710-111,Folha,940710,PUBLICO-19940724-034,PUBLICO-19940219-110,PUBLICO-19940505-068,PUBLICO-19940509-091,PUBLICO-19940609-098,PUBLICO-19940706-106,PUBLICO-19940804-080,PUBLICO-19940805-018,PUBLICO-19940815-007,FSP940710-111|PUBLICO-19940724-034|PUBLICO-19940219-110|PUBLICO-19940505-068|PUBLICO-19940509-091|PUBLICO-19940609-098|PUBLICO-19940706-106|PUBLICO-19940804-080|PUBLICO-19940805-018|PUBLICO-19940815-007,
0039,2630,Qual a capital da Picardia?,Qual a capital da Picardia?,N/A,resolvida_sw,10,1000,3.6,FSP940502-034,Folha,940502,PUBLICO-19940816-093,PUBLICO-19941228-096,PUBLICO-19950109-006,FSP940925-212,FSP941009-091,FSP940415-039,FSP950531-059,FSP951020-062,PUBLICO-19940723-151,FSP940502-034|PUBLICO-19940816-093|PUBLICO-19941228-096|PUBLICO-19950109-006|FSP940925-212|FSP941009-091|FSP940415-039|FSP950531-059|FSP951020-062|PUBLICO-19940723-151,
0040,2631,Quando reinou Isabel II de Castela?,Quando reinou Isabel II de Castela?,N/A,resolvida_sw,10,1000,28.4,PUBLICO-19940224-151,Publico,1994-02-24,PUBLICO-19940223-191,PUBLICO-19951025-129,PUBLICO-19950428-153,PUBLICO-19940516-110,PUBLICO-19951231-089,PUBLICO-19941021-122,PUBLICO-19951205-106,PUBLICO-19941227-126,PUBLICO-19940820-007,PUBLICO-19940224-151|PUBLICO-19940223-191|PUBLICO-19951025-129|PUBLICO-19950428-153|PUBLICO-19940516-110|PUBLICO-19951231-089|PUBLICO-19941021-122|PUBLICO-19951205-106|PUBLICO-19941227-126|PUBLICO-19940820-007,
0041,2632,Quem é Narcís Serra?,Quem é Narcís Serra?,N/A,resolvida_sw,10,1000,53.8,PUBLICO-19950619-138,Publico,1995-06-19,FSP950101-158,PUBLICO-19941015-134,PUBLICO-19951210-061,FSP941102-059,PUBLICO-19940909-117,PUBLICO-19941210-179,PUBLICO-19950710-081,PUBLICO-19940220-087,PUBLICO-19940405-061,PUBLICO-19950619-138|FSP950101-158|PUBLICO-19941015-134|PUBLICO-19951210-061|FSP941102-059|PUBLICO-19940909-117|PUBLICO-19941210-179|PUBLICO-19950710-081|PUBLICO-19940220-087|PUBLICO-19940405-061,
0042,2633,Como se chamava o cavalo do Dom Quixote?,Como se chamava o cavalo do Dom Quixote?,N/A,resolvida_sw,10,1000,21.6,PUBLICO-19940104-088,Publico,1994-01-04,FSP940312-190,FSP950121-006,PUBLICO-19940715-009,PUBLICO-19940330-129,PUBLICO-19940526-145,FSP950709-134,PUBLICO-19940914-114,FSP951119-173,PUBLICO-19941212-102,PUBLICO-19940104-088|FSP940312-190|FSP950121-006|PUBLICO-19940715-009|PUBLICO-19940330-129|PUBLICO-19940526-145|FSP950709-134|PUBLICO-19940914-114|FSP951119-173|PUBLICO-19941212-102,
0043,2634,Qual é a capital do estado de Nova York?,Qual é a capital do estado de Nova York?,N/A,resolvida_sw,10,1000,12.8,FSP941009-091,Folha,941009,FSP940313-182,FSP940605-027,PUBLICO-19940416-065,PUBLICO-19950716-091,FSP951029-029,FSP940515-155,FSP950319-033,FSP950319-055,FSP940520-095,FSP941009-091|FSP940313-182|FSP940605-027|PUBLICO-19940416-065|PUBLICO-19950716-091|FSP951029-029|FSP940515-155|FSP950319-033|FSP950319-055|FSP940520-095,
0044,2635,Quais são as províncias da Irlanda?,Quais são as províncias da Irlanda?,N/A,resolvida_sw,10,1000,6.2,PUBLICO-19940422-086,Publico,1994-04-22,PUBLICO-19940306-088,PUBLICO-19940914-058,PUBLICO-19950910-046,PUBLICO-19940401-080,PUBLICO-19940414-041,PUBLICO-19950827-096,PUBLICO-19940905-029,PUBLICO-19951221-094,PUBLICO-19951023-110,PUBLICO-19940422-086|PUBLICO-19940306-088|PUBLICO-19940914-058|PUBLICO-19950910-046|PUBLICO-19940401-080|PUBLICO-19940414-041|PUBLICO-19950827-096|PUBLICO-19940905-029|PUBLICO-19951221-094|PUBLICO-19951023-110,
0045,2636,Que instrumento tocava Ringo Starr?,Que instrumento tocava Ringo Starr?,N/A,resolvida_sw,10,1000,29.7,PUBLICO-19941115-133,Publico,1994-11-15,PUBLICO-19940817-104,PUBLICO-19950924-046,PUBLICO-19951107-145,PUBLICO-19950307-130,PUBLICO-19950607-174,FSP951112-074,PUBLICO-19950516-106,PUBLICO-19940621-131,PUBLICO-19940220-007,PUBLICO-19941115-133|PUBLICO-19940817-104|PUBLICO-19950924-046|PUBLICO-19951107-145|PUBLICO-19950307-130|PUBLICO-19950607-174|FSP951112-074|PUBLICO-19950516-106|PUBLICO-19940621-131|PUBLICO-19940220-007,
0046,2637,Que papa sucedeu a Leão X?,Que papa sucedeu a Leão X?,N/A,resolvida_sw,10,1000,23.2,PUBLICO-19941114-107,Publico,1994-11-14,PUBLICO-19940308-152,PUBLICO-19951213-109,PUBLICO-19940323-123,PUBLICO-19941228-112,PUBLICO-19941229-084,PUBLICO-19951105-079,PUBLICO-19950416-083,PUBLICO-19950307-154,PUBLICO-19950118-149,PUBLICO-19941114-107|PUBLICO-19940308-152|PUBLICO-19951213-109|PUBLICO-19940323-123|PUBLICO-19941228-112|PUBLICO-19941229-084|PUBLICO-19951105-079|PUBLICO-19950416-083|PUBLICO-19950307-154|PUBLICO-19950118-149,
0047,2638,Quem é o pato mais rico do mundo?,Quem é o pato mais rico do mundo?,N/A,resolvida_sw,10,1000,14.5,FSP950830-012,Folha,950830,PUBLICO-19950221-116,FSP940831-073,FSP940819-086,PUBLICO-19950728-050,FSP950403-106,PUBLICO-19951207-078,FSP940507-081,FSP940606-026,PUBLICO-19950726-145,FSP950830-012|PUBLICO-19950221-116|FSP940831-073|FSP940819-086|PUBLICO-19950728-050|FSP950403-106|PUBLICO-19951207-078|FSP940507-081|FSP940606-026|PUBLICO-19950726-145,
0048,2639,Quem são os sobrinhos do Pato Donald?,Quem são os sobrinhos do Pato Donald?,N/A,resolvida_sw,10,1000,19.3,FSP940814-018,Folha,940814,PUBLICO-19950510-157,FSP951218-106,PUBLICO-19951108-135,PUBLICO-19951202-007,FSP940108-184,FSP950819-096,PUBLICO-19940403-071,PUBLICO-19940715-146,PUBLICO-19940906-105,FSP940814-018|PUBLICO-19950510-157|FSP951218-106|PUBLICO-19951108-135|PUBLICO-19951202-007|FSP940108-184|FSP950819-096|PUBLICO-19940403-071|PUBLICO-19940715-146|PUBLICO-19940906-105,
0049,2639,E a namorada dele?,E a namorada dele?,N/A,resolvida_sw,10,1000,14.3,FSP951112-179,Folha,951112,FSP940102-111,FSP940216-002,FSP950614-127,FSP950609-096,FSP951008-175,FSP951229-115,PUBLICO-19950723-109,FSP950811-126,PUBLICO-19950802-011,FSP951112-179|FSP940102-111|FSP940216-002|FSP950614-127|FSP950609-096|FSP951008-175|FSP951229-115|PUBLICO-19950723-109|FSP950811-126|PUBLICO-19950802-011,
0050,2639,Qual a profissão dele?,Qual a profissão dele?,N/A,resolvida_sw,10,1000,9.9,PUBLICO-19940928-087,Publico,1994-09-28,PUBLICO-19941011-117,PUBLICO-19941026-135,PUBLICO-19941102-087,PUBLICO-19941129-105,PUBLICO-19941130-129,PUBLICO-19941207-131,PUBLICO-19941215-135,PUBLICO-19950118-124,PUBLICO-19950124-100,PUBLICO-19940928-087|PUBLICO-19941011-117|PUBLICO-19941026-135|PUBLICO-19941102-087|PUBLICO-19941129-105|PUBLICO-19941130-129|PUBLICO-19941207-131|PUBLICO-19941215-135|PUBLICO-19950118-124|PUBLICO-19950124-100,
0051,2640,O que é a paella?,O que é a paella?,N/A,resolvida_sw,10,1000,9.3,FSP940731-164,Folha,940731,FSP940605-190,FSP951027-135,FSP941127-141,FSP940623-062,FSP941004-054,PUBLICO-19950728-106,FSP940811-067,FSP950505-123,FSP951110-138,FSP940731-164|FSP940605-190|FSP951027-135|FSP941127-141|FSP940623-062|FSP941004-054|PUBLICO-19950728-106|FSP940811-067|FSP950505-123|FSP951110-138,
0052,2641,Que países abrange a Lapónia?,Que países abrange a Lapónia?,N/A,resolvida_sw,10,1000,24.2,PUBLICO-19940702-122,Publico,1994-07-02,PUBLICO-19950727-008,PUBLICO-19940523-109,PUBLICO-19940102-073,PUBLICO-19951028-002,PUBLICO-19950625-130,PUBLICO-19940813-086,PUBLICO-19950414-128,PUBLICO-19950916-137,FSP940914-147,PUBLICO-19940702-122|PUBLICO-19950727-008|PUBLICO-19940523-109|PUBLICO-19940102-073|PUBLICO-19951028-002|PUBLICO-19950625-130|PUBLICO-19940813-086|PUBLICO-19950414-128|PUBLICO-19950916-137|FSP940914-147,
0053,2642,O que é a açorda?,O que é a açorda?,N/A,resolvida_sw,10,1000,8.9,FSP950519-016,Folha,950519,FSP940103-104,PUBLICO-19940802-092,FSP940227-285,FSP950315-048,PUBLICO-19940924-097,PUBLICO-19941115-125,PUBLICO-19950924-132,PUBLICO-19951002-078,PUBLICO-19951024-090,FSP950519-016|FSP940103-104|PUBLICO-19940802-092|FSP940227-285|FSP950315-048|PUBLICO-19940924-097|PUBLICO-19941115-125|PUBLICO-19950924-132|PUBLICO-19951002-078|PUBLICO-19951024-090,
0054,2643,O que é o feta?,O que é o feta?,N/A,resolvida_sw,10,1000,5.3,PUBLICO-19940724-080,Publico,1994-07-24,FSP940922-101,PUBLICO-19950413-102,PUBLICO-19950131-127,PUBLICO-19950131-128,PUBLICO-19950522-140,FSP940327-276,FSP940612-136,FSP940615-069,FSP941002-143,PUBLICO-19940724-080|FSP940922-101|PUBLICO-19950413-102|PUBLICO-19950131-127|PUBLICO-19950131-128|PUBLICO-19950522-140|FSP940327-276|FSP940612-136|FSP940615-069|FSP941002-143,
0055,2643,De que país é originário?,De que país é originário?,N/A,resolvida_sw,10,1000,14.1,FSP951020-009,Folha,951020,PUBLICO-19940226-011,PUBLICO-19950210-173,PUBLICO-19951009-046,PUBLICO-19951013-003,PUBLICO-19951204-068,PUBLICO-19940212-034,PUBLICO-19941106-077,PUBLICO-19940225-157,PUBLICO-19940604-100,FSP951020-009|PUBLICO-19940226-011|PUBLICO-19950210-173|PUBLICO-19951009-046|PUBLICO-19951013-003|PUBLICO-19951204-068|PUBLICO-19940212-034|PUBLICO-19941106-077|PUBLICO-19940225-157|PUBLICO-19940604-100,
0056,2644,Em que ano foi construída a sinagoga de Curação?,Em que ano foi construída a sinagoga de Curação?,N/A,resolvida_sw,10,1000,24.9,FSP950525-126,Folha,950525,PUBLICO-19940509-094,PUBLICO-19940118-131,PUBLICO-19951224-083,PUBLICO-19950126-162,PUBLICO-19940108-079,PUBLICO-19940403-087,PUBLICO-19951109-117,PUBLICO-19940327-092,PUBLICO-19940330-134,FSP950525-126|PUBLICO-19940509-094|PUBLICO-19940118-131|PUBLICO-19951224-083|PUBLICO-19950126-162|PUBLICO-19940108-079|PUBLICO-19940403-087|PUBLICO-19951109-117|PUBLICO-19940327-092|PUBLICO-19940330-134,
0057,2645,Com que idade o Mequinho foi campeão brasileiro de xadrez?,Com que idade o Mequinho foi campeão brasileiro de xadrez?,N/A,resolvida_sw,10,1000,15.2,PUBLICO-19950304-077,Publico,1995-03-04,PUBLICO-19950626-135,PUBLICO-19950307-135,PUBLICO-19950107-132,PUBLICO-19951231-069,FSP950212-117,PUBLICO-19940514-101,PUBLICO-19950506-082,PUBLICO-19940117-074,FSP951218-028,PUBLICO-19950304-077|PUBLICO-19950626-135|PUBLICO-19950307-135|PUBLICO-19950107-132|PUBLICO-19951231-069|FSP950212-117|PUBLICO-19940514-101|PUBLICO-19950506-082|PUBLICO-19940117-074|FSP951218-028,
0058,2646,Quem dirigiu o Japão durante a Segunda Guerra Mundial?,Quem dirigiu o Japão durante a Segunda Guerra Mundial?,N/A,resolvida_sw,10,1000,33.7,PUBLICO-19940205-035,Publico,1994-02-05,PUBLICO-19950720-105,PUBLICO-19950322-141,PUBLICO-19950115-015,FSP950408-102,PUBLICO-19940415-086,PUBLICO-19950419-108,PUBLICO-19950312-036,PUBLICO-19950420-119,PUBLICO-19950203-149,PUBLICO-19940205-035|PUBLICO-19950720-105|PUBLICO-19950322-141|PUBLICO-19950115-015|FSP950408-102|PUBLICO-19940415-086|PUBLICO-19950419-108|PUBLICO-19950312-036|PUBLICO-19950420-119|PUBLICO-19950203-149,
0059,2647,Quantas repúblicas formavam a URSS?,Quantas repúblicas formavam a URSS?,N/A,resolvida_sw,10,1000,29.6,PUBLICO-19941018-117,Publico,1994-10-18,PUBLICO-19940526-099,PUBLICO-19951023-128,PUBLICO-19950330-117,PUBLICO-19950328-104,PUBLICO-19940515-086,PUBLICO-19941024-044,FSP950904-029,PUBLICO-19951109-097,FSP940619-026,PUBLICO-19941018-117|PUBLICO-19940526-099|PUBLICO-19951023-128|PUBLICO-19950330-117|PUBLICO-19950328-104|PUBLICO-19940515-086|PUBLICO-19941024-044|FSP950904-029|PUBLICO-19951109-097|FSP940619-026,
0060,2648,Em que país fica a Ossétia do Norte?,Em que país fica a Ossétia do Norte?,N/A,resolvida_sw,10,1000,9.0,PUBLICO-19940718-081,Publico,1994-07-18,PUBLICO-19940916-113,PUBLICO-19950612-049,FSP940228-009,FSP951213-047,PUBLICO-19941130-127,FSP950619-041,FSP950909-094,PUBLICO-19940520-032,FSP950611-071,PUBLICO-19940718-081|PUBLICO-19940916-113|PUBLICO-19950612-049|FSP940228-009|FSP951213-047|PUBLICO-19941130-127|FSP950619-041|FSP950909-094|PUBLICO-19940520-032|FSP950611-071,
0061,2648,E a Ossétia do Sul?,E a Ossétia do Sul?,N/A,resolvida_sw,10,1000,6.6,PUBLICO-19940204-049,Publico,1994-02-04,PUBLICO-19950830-045,PUBLICO-19941212-039,PUBLICO-19950109-056,PUBLICO-19951106-037,PUBLICO-19951127-037,PUBLICO-19950227-043,PUBLICO-19941212-116,PUBLICO-19941007-055,PUBLICO-19940125-051,PUBLICO-19940204-049|PUBLICO-19950830-045|PUBLICO-19941212-039|PUBLICO-19950109-056|PUBLICO-19951106-037|PUBLICO-19951127-037|PUBLICO-19950227-043|PUBLICO-19941212-116|PUBLICO-19941007-055|PUBLICO-19940125-051,
0062,2649,Qual a largura do Canal da Mancha no seu ponto mais estreito?,Qual a largura do Canal da Mancha no seu ponto mais estreito?,N/A,resolvida_sw,10,1000,8.3,FSP950215-139,Folha,950215,PUBLICO-19951111-152,PUBLICO-19951229-042,PUBLICO-19941230-059,PUBLICO-19940226-054,PUBLICO-19940729-125,FSP940403-165,PUBLICO-19940605-027,PUBLICO-19940219-110,PUBLICO-19940505-068,FSP950215-139|PUBLICO-19951111-152|PUBLICO-19951229-042|PUBLICO-19941230-059|PUBLICO-19940226-054|PUBLICO-19940729-125|FSP940403-165|PUBLICO-19940605-027|PUBLICO-19940219-110|PUBLICO-19940505-068,
0063,2650,Quem criou Descobridores de Catan?,Quem criou Descobridores de Catan?,N/A,resolvida_sw,10,1000,16.6,PUBLICO-19940224-149,Publico,1994-02-24,FSP950602-068,FSP941025-102,FSP941216-096,FSP951025-045,PUBLICO-19940221-031,PUBLICO-19940329-113,PUBLICO-19950307-137,PUBLICO-19950310-149,PUBLICO-19950504-181,PUBLICO-19940224-149|FSP950602-068|FSP941025-102|FSP941216-096|FSP951025-045|PUBLICO-19940221-031|PUBLICO-19940329-113|PUBLICO-19950307-137|PUBLICO-19950310-149|PUBLICO-19950504-181,
0064,2651,Quem é o santo patrono dos cervejeiros?,Quem é o santo patrono dos cervejeiros?,N/A,resolvida_sw,10,1000,61.2,PUBLICO-19950115-092,Publico,1995-01-15,PUBLICO-19940223-166,PUBLICO-19940309-127,PUBLICO-19940319-182,FSP950811-111,PUBLICO-19950619-004,PUBLICO-19950823-043,FSP950121-116,PUBLICO-19940510-095,PUBLICO-19950318-114,PUBLICO-19950115-092|PUBLICO-19940223-166|PUBLICO-19940309-127|PUBLICO-19940319-182|FSP950811-111|PUBLICO-19950619-004|PUBLICO-19950823-043|FSP950121-116|PUBLICO-19940510-095|PUBLICO-19950318-114,
0065,2651,E do pão?,E do pão?,N/A,resolvida_sw,10,1000,4.2,FSP950407-131,Folha,950407,PUBLICO-19950331-045,FSP950901-073,PUBLICO-19940614-054,PUBLICO-19950312-067,PUBLICO-19950319-082,FSP940911-115,FSP950924-195,PUBLICO-19940308-115,PUBLICO-19950731-043,FSP950407-131|PUBLICO-19950331-045|FSP950901-073|PUBLICO-19940614-054|PUBLICO-19950312-067|PUBLICO-19950319-082|FSP940911-115|FSP950924-195|PUBLICO-19940308-115|PUBLICO-19950731-043,
0066,2652,O que é o jagertee?,O que é o jagertee?,N/A,resolvida_sw,10,1000,3.5,PUBLICO-19950323-090,Publico,1995-03-23,PUBLICO-19950131-127,PUBLICO-19950131-128,PUBLICO-19950522-140,FSP940327-276,FSP940612-136,FSP940615-069,FSP941002-143,FSP941227-014,FSP950305-027,PUBLICO-19950323-090|PUBLICO-19950131-127|PUBLICO-19950131-128|PUBLICO-19950522-140|FSP940327-276|FSP940612-136|FSP940615-069|FSP941002-143|FSP941227-014|FSP950305-027,
0067,2653,Qual a envergadura de um milhafre-preto?,Qual a envergadura de um milhafre-preto?,N/A,resolvida_sw,10,1000,18.6,PUBLICO-19940514-061,Publico,1994-05-14,PUBLICO-19950106-087,PUBLICO-19940416-065,PUBLICO-19950322-127,PUBLICO-19950403-048,FSP940526-080,FSP950615-009,PUBLICO-19950211-036,PUBLICO-19950413-143,FSP941119-086,PUBLICO-19940514-061|PUBLICO-19950106-087|PUBLICO-19940416-065|PUBLICO-19950322-127|PUBLICO-19950403-048|FSP940526-080|FSP950615-009|PUBLICO-19950211-036|PUBLICO-19950413-143|FSP941119-086,
0068,2653,Quanto é que ele pesa?,Quanto é que ele pesa?,N/A,resolvida_sw,10,1000,2.2,PUBLICO-19940213-037,Publico,1994-02-13,PUBLICO-19941004-084,PUBLICO-19940211-061,PUBLICO-19940930-099,PUBLICO-19941023-039,PUBLICO-19941026-049,PUBLICO-19950209-114,PUBLICO-19940313-043,PUBLICO-19941105-054,PUBLICO-19950217-133,PUBLICO-19940213-037|PUBLICO-19941004-084|PUBLICO-19940211-061|PUBLICO-19940930-099|PUBLICO-19941023-039|PUBLICO-19941026-049|PUBLICO-19950209-114|PUBLICO-19940313-043|PUBLICO-19941105-054|PUBLICO-19950217-133,
0069,2653,Que tipo de ave é?,Que tipo de ave é?,N/A,resolvida_sw,10,1000,8.1,PUBLICO-19950117-125,Publico,1995-01-17,FSP940113-124,PUBLICO-19951227-094,FSP950803-106,PUBLICO-19951230-053,PUBLICO-19940918-066,PUBLICO-19950918-106,PUBLICO-19950211-149,FSP950517-007,PUBLICO-19940219-105,PUBLICO-19950117-125|FSP940113-124|PUBLICO-19951227-094|FSP950803-106|PUBLICO-19951230-053|PUBLICO-19940918-066|PUBLICO-19950918-106|PUBLICO-19950211-149|FSP950517-007|PUBLICO-19940219-105,
0070,2654,Quantas províncias tem a Ucrânia?,Quantas províncias tem a Ucrânia?,N/A,resolvida_sw,10,1000,5.1,PUBLICO-19950715-140,Publico,1995-07-15,PUBLICO-19951126-035,PUBLICO-19940224-091,PUBLICO-19940422-086,PUBLICO-19941009-072,PUBLICO-19940213-081,PUBLICO-19940416-109,PUBLICO-19940811-082,PUBLICO-19940306-088,PUBLICO-19950524-167,PUBLICO-19950715-140|PUBLICO-19951126-035|PUBLICO-19940224-091|PUBLICO-19940422-086|PUBLICO-19941009-072|PUBLICO-19940213-081|PUBLICO-19940416-109|PUBLICO-19940811-082|PUBLICO-19940306-088|PUBLICO-19950524-167,
0071,2655,Que partido foi fundado por Amílcar Cabral?,Que partido foi fundado por Amílcar Cabral?,N/A,resolvida_sw,10,1000,14.5,FSP940424-235,Folha,940424,PUBLICO-19941027-125,FSP940131-016,PUBLICO-19950630-102,PUBLICO-19950701-119,PUBLICO-19950223-127,PUBLICO-19950815-037,PUBLICO-19950109-099,PUBLICO-19940325-058,PUBLICO-19950227-084,FSP940424-235|PUBLICO-19941027-125|FSP940131-016|PUBLICO-19950630-102|PUBLICO-19950701-119|PUBLICO-19950223-127|PUBLICO-19950815-037|PUBLICO-19950109-099|PUBLICO-19940325-058|PUBLICO-19950227-084,
0072,2656,Quantos filhos teve a rainha Cristina da Suécia?,Quantos filhos teve a rainha Cristina da Suécia?,N/A,resolvida_sw,10,1000,21.9,PUBLICO-19951203-104,Publico,1995-12-03,PUBLICO-19940323-009,PUBLICO-19940906-148,PUBLICO-19940823-090,PUBLICO-19941012-126,PUBLICO-19941102-098,PUBLICO-19951124-137,FSP951217-189,PUBLICO-19940523-080,PUBLICO-19951111-069,PUBLICO-19951203-104|PUBLICO-19940323-009|PUBLICO-19940906-148|PUBLICO-19940823-090|PUBLICO-19941012-126|PUBLICO-19941102-098|PUBLICO-19951124-137|FSP951217-189|PUBLICO-19940523-080|PUBLICO-19951111-069,
0073,2657,Quem é o dono do Chelsea?,Quem é o dono do Chelsea?,N/A,resolvida_sw,10,1000,5.2,PUBLICO-19940115-023,Publico,1994-01-15,PUBLICO-19940323-171,PUBLICO-19940409-024,FSP940626-016,FSP940716-044,PUBLICO-19940122-073,PUBLICO-19941128-074,FSP940828-183,FSP940829-028,FSP941015-075,PUBLICO-19940115-023|PUBLICO-19940323-171|PUBLICO-19940409-024|FSP940626-016|FSP940716-044|PUBLICO-19940122-073|PUBLICO-19941128-074|FSP940828-183|FSP940829-028|FSP941015-075,
0074,2658,Quantos habitantes tinha Berlim em 1850?,Quantos habitantes tinha Berlim em 1850?,N/A,resolvida_sw,10,1000,29.8,PUBLICO-19950716-090,Publico,1995-07-16,PUBLICO-19950507-123,PUBLICO-19950713-165,PUBLICO-19950626-132,PUBLICO-19940810-038,PUBLICO-19940812-056,PUBLICO-19950108-089,FSP940925-089,PUBLICO-19951207-059,PUBLICO-19951224-083,PUBLICO-19950716-090|PUBLICO-19950507-123|PUBLICO-19950713-165|PUBLICO-19950626-132|PUBLICO-19940810-038|PUBLICO-19940812-056|PUBLICO-19950108-089|FSP940925-089|PUBLICO-19951207-059|PUBLICO-19951224-083,
0075,2658,Quantos tem hoje em dia?,Quantos tem hoje em dia?,N/A,resolvida_sw,10,1000,8.4,FSP950104-010,Folha,950104,PUBLICO-19950321-152,PUBLICO-19941003-005,PUBLICO-19950328-109,PUBLICO-19950215-016,PUBLICO-19950520-200,PUBLICO-19950520-202,PUBLICO-19950621-152,PUBLICO-19951022-090,PUBLICO-19951208-129,FSP950104-010|PUBLICO-19950321-152|PUBLICO-19941003-005|PUBLICO-19950328-109|PUBLICO-19950215-016|PUBLICO-19950520-200|PUBLICO-19950520-202|PUBLICO-19950621-152|PUBLICO-19951022-090|PUBLICO-19951208-129,
0076,2659,O que é o ICCROM?,O que é o ICCROM?,N/A,resolvida_sw,10,1000,4.4,PUBLICO-19940601-014,Publico,1994-06-01,PUBLICO-19950131-127,PUBLICO-19950131-128,PUBLICO-19950522-140,FSP940327-276,FSP940612-136,FSP940615-069,FSP941002-143,FSP941227-014,FSP950305-027,PUBLICO-19940601-014|PUBLICO-19950131-127|PUBLICO-19950131-128|PUBLICO-19950522-140|FSP940327-276|FSP940612-136|FSP940615-069|FSP941002-143|FSP941227-014|FSP950305-027,
0077,2659,Quantos estados membros tinha em 1995?,Quantos estados membros tinha em 1995?,N/A,resolvida_sw,10,1000,27.2,PUBLICO-19950209-094,Publico,1995-02-09,PUBLICO-19940717-030,PUBLICO-19950518-114,PUBLICO-19950612-123,PUBLICO-19950628-058,PUBLICO-19940109-074,PUBLICO-19950305-104,PUBLICO-19950328-110,PUBLICO-19950329-100,PUBLICO-19950401-163,PUBLICO-19950209-094|PUBLICO-19940717-030|PUBLICO-19950518-114|PUBLICO-19950612-123|PUBLICO-19950628-058|PUBLICO-19940109-074|PUBLICO-19950305-104|PUBLICO-19950328-110|PUBLICO-19950329-100|PUBLICO-19950401-163,
0078,2659,Onde tem a sua sede?,Onde tem a sua sede?,N/A,resolvida_sw,10,1000,3.5,FSP950528-150,Folha,950528,PUBLICO-19941117-081,FSP940813-097,PUBLICO-19940802-095,FSP940509-088,FSP950415-077,PUBLICO-19940110-067,PUBLICO-19941025-021,PUBLICO-19950401-058,PUBLICO-19950520-089,FSP950528-150|PUBLICO-19941117-081|FSP940813-097|PUBLICO-19940802-095|FSP940509-088|FSP950415-077|PUBLICO-19940110-067|PUBLICO-19941025-021|PUBLICO-19950401-058|PUBLICO-19950520-089,
0079,2660,Quantas vezes ganhou Portugal a Taça Davis?,Quantas vezes ganhou Portugal a Taça Davis?,N/A,resolvida_sw,10,1000,38.4,PUBLICO-19950324-035,Publico,1995-03-24,PUBLICO-19940501-063,PUBLICO-19950921-049,PUBLICO-19940308-114,PUBLICO-19950609-126,PUBLICO-19941113-118,PUBLICO-19941117-024,PUBLICO-19940703-024,PUBLICO-19950924-072,PUBLICO-19950207-126,PUBLICO-19950324-035|PUBLICO-19940501-063|PUBLICO-19950921-049|PUBLICO-19940308-114|PUBLICO-19950609-126|PUBLICO-19941113-118|PUBLICO-19941117-024|PUBLICO-19940703-024|PUBLICO-19950924-072|PUBLICO-19950207-126,
0080,2661,O que é o IPM em Portugal?,O que é o IPM em Portugal?,N/A,resolvida_sw,10,1000,5.1,PUBLICO-19940519-005,Publico,1994-05-19,PUBLICO-19950408-006,PUBLICO-19950629-005,PUBLICO-19940122-011,PUBLICO-19941226-007,PUBLICO-19950505-016,PUBLICO-19940717-010,PUBLICO-19950510-169,PUBLICO-19950703-128,PUBLICO-19950803-006,PUBLICO-19940519-005|PUBLICO-19950408-006|PUBLICO-19950629-005|PUBLICO-19940122-011|PUBLICO-19941226-007|PUBLICO-19950505-016|PUBLICO-19940717-010|PUBLICO-19950510-169|PUBLICO-19950703-128|PUBLICO-19950803-006,
0081,2662,Quem foi o último rei de Portugal?,Quem foi o último rei de Portugal?,N/A,resolvida_sw,10,1000,14.6,PUBLICO-19950502-066,Publico,1995-05-02,PUBLICO-19940827-146,PUBLICO-19940706-134,PUBLICO-19950104-092,PUBLICO-19950519-089,PUBLICO-19950519-110,PUBLICO-19940208-020,PUBLICO-19950626-127,PUBLICO-19941130-120,PUBLICO-19940224-149,PUBLICO-19950502-066|PUBLICO-19940827-146|PUBLICO-19940706-134|PUBLICO-19950104-092|PUBLICO-19950519-089|PUBLICO-19950519-110|PUBLICO-19940208-020|PUBLICO-19950626-127|PUBLICO-19941130-120|PUBLICO-19940224-149,
0082,2662,Em que período foi ele rei?,Em que período foi ele rei?,N/A,resolvida_sw,10,1000,8.0,PUBLICO-19940216-082,Publico,1994-02-16,PUBLICO-19940118-062,PUBLICO-19940223-169,PUBLICO-19940608-120,FSP950922-110,PUBLICO-19940220-069,PUBLICO-19940907-085,FSP940421-121,FSP940914-148,PUBLICO-19950201-130,PUBLICO-19940216-082|PUBLICO-19940118-062|PUBLICO-19940223-169|PUBLICO-19940608-120|FSP950922-110|PUBLICO-19940220-069|PUBLICO-19940907-085|FSP940421-121|FSP940914-148|PUBLICO-19950201-130,
0083,2662,Em que barco ele embarcou para o exílio?,Em que barco ele embarcou para o exílio?,N/A,resolvida_sw,10,1000,26.0,PUBLICO-19950314-119,Publico,1995-03-14,PUBLICO-19940617-057,PUBLICO-19951023-068,PUBLICO-19940110-021,PUBLICO-19941115-096,PUBLICO-19950627-126,PUBLICO-19951024-101,PUBLICO-19951115-119,FSP950322-110,FSP951023-116,PUBLICO-19950314-119|PUBLICO-19940617-057|PUBLICO-19951023-068|PUBLICO-19940110-021|PUBLICO-19941115-096|PUBLICO-19950627-126|PUBLICO-19951024-101|PUBLICO-19951115-119|FSP950322-110|FSP951023-116,
0084,2663,Diga uma batalha ocorrida durante a Guerra dos Cem Anos,Diga uma batalha ocorrida durante a Guerra dos Cem Anos,N/A,resolvida_sw,10,365,21.0,PUBLICO-19950307-130,Publico,1995-03-07,PUBLICO-19940419-103,FSP940213-147,PUBLICO-19940506-149,FSP940321-003,PUBLICO-19950504-070,PUBLICO-19951009-113,FSP950927-085,PUBLICO-19940519-128,PUBLICO-19940520-112,PUBLICO-19950307-130|PUBLICO-19940419-103|FSP940213-147|PUBLICO-19940506-149|FSP940321-003|PUBLICO-19950504-070|PUBLICO-19951009-113|FSP950927-085|PUBLICO-19940519-128|PUBLICO-19940520-112,
0085,2664,Quantos votos teve o Lula nas eleições presidenciais de 2002?,Quantos votos teve o Lula nas eleições presidenciais de 2002?,N/A,resolvida_sw,10,1000,57.2,FSP941004-118,Folha,941004,PUBLICO-19940306-138,FSP940522-007,FSP940522-104,FSP940911-023,FSP940418-018,FSP940514-008,FSP940225-002,FSP941007-011,FSP940401-011,FSP941004-118|PUBLICO-19940306-138|FSP940522-007|FSP940522-104|FSP940911-023|FSP940418-018|FSP940514-008|FSP940225-002|FSP941007-011|FSP940401-011,
0086,2664,Quando é que ele tomou posse?,Quando é que ele tomou posse?,N/A,resolvida_sw,10,1000,17.0,PUBLICO-19940120-048,Publico,1994-01-20,PUBLICO-19950329-002,PUBLICO-19940222-087,FSP950128-002,PUBLICO-19941029-118,PUBLICO-19950127-135,PUBLICO-19950919-187,FSP950903-033,PUBLICO-19940209-143,FSP950102-095,PUBLICO-19940120-048|PUBLICO-19950329-002|PUBLICO-19940222-087|FSP950128-002|PUBLICO-19941029-118|PUBLICO-19950127-135|PUBLICO-19950919-187|FSP950903-033|PUBLICO-19940209-143|FSP950102-095,
0087,2665,Quem era o pai de Carlomano?,Quem era o pai de Carlomano?,N/A,resolvida_sw,10,1000,13.0,PUBLICO-19940113-047,Publico,1994-01-13,PUBLICO-19941123-100,PUBLICO-19950901-067,FSP940403-136,FSP950218-024,FSP950813-178,PUBLICO-19940422-168,PUBLICO-19950630-138,PUBLICO-19950924-052,FSP940718-104,PUBLICO-19940113-047|PUBLICO-19941123-100|PUBLICO-19950901-067|FSP940403-136|FSP950218-024|FSP950813-178|PUBLICO-19940422-168|PUBLICO-19950630-138|PUBLICO-19950924-052|FSP940718-104,
0088,2666,Quem foi Baden Powell de Aquino?,Quem foi Baden Powell de Aquino?,N/A,resolvida_sw,10,1000,24.6,FSP950112-106,Folha,950112,PUBLICO-19950318-009,PUBLICO-19951126-081,PUBLICO-19940507-119,PUBLICO-19950226-080,FSP940905-025,FSP950816-010,PUBLICO-19940316-134,PUBLICO-19950424-010,FSP940220-065,FSP950112-106|PUBLICO-19950318-009|PUBLICO-19951126-081|PUBLICO-19940507-119|PUBLICO-19950226-080|FSP940905-025|FSP950816-010|PUBLICO-19940316-134|PUBLICO-19950424-010|FSP940220-065,
0089,2667,Quem escreveu o Livro da Selva?,Quem escreveu o Livro da Selva?,N/A,resolvida_sw,10,1000,31.6,PUBLICO-19941017-093,Publico,1994-10-17,FSP940605-117,PUBLICO-19950410-119,PUBLICO-19950625-120,PUBLICO-19950307-135,FSP940606-015,PUBLICO-19941108-106,PUBLICO-19950508-120,PUBLICO-19950314-116,PUBLICO-19940303-145,PUBLICO-19941017-093|FSP940605-117|PUBLICO-19950410-119|PUBLICO-19950625-120|PUBLICO-19950307-135|FSP940606-015|PUBLICO-19941108-106|PUBLICO-19950508-120|PUBLICO-19950314-116|PUBLICO-19940303-145,
0090,2667,Quem é a personagem principal do livro?,Quem é a personagem principal do livro?,N/A,resolvida_sw,10,1000,15.6,PUBLICO-19950410-119,Publico,1995-04-10,PUBLICO-19940312-066,PUBLICO-19940223-117,FSP950501-103,PUBLICO-19940202-012,FSP941224-082,PUBLICO-19950102-083,PUBLICO-19941119-070,PUBLICO-19951201-206,FSP950903-113,PUBLICO-19950410-119|PUBLICO-19940312-066|PUBLICO-19940223-117|FSP950501-103|PUBLICO-19940202-012|FSP941224-082|PUBLICO-19950102-083|PUBLICO-19941119-070|PUBLICO-19951201-206|FSP950903-113,
0091,2668,Em que ilha fica Sapporo?,Em que ilha fica Sapporo?,N/A,resolvida_sw,10,1000,12.6,FSP940424-077,Folha,940424,PUBLICO-19951214-051,PUBLICO-19951214-069,FSP951119-082,FSP950105-110,PUBLICO-19950206-038,FSP940217-059,FSP950717-065,PUBLICO-19941014-136,FSP950717-056,FSP940424-077|PUBLICO-19951214-051|PUBLICO-19951214-069|FSP951119-082|FSP950105-110|PUBLICO-19950206-038|FSP940217-059|FSP950717-065|PUBLICO-19941014-136|FSP950717-056,
0092,2669,Quem fundou a escola estóica?,Quem fundou a escola estóica?,N/A,resolvida_sw,10,1000,18.7,FSP940725-027,Folha,940725,PUBLICO-19950712-007,FSP950820-206,PUBLICO-19940823-087,FSP940522-121,PUBLICO-19940308-114,PUBLICO-19950117-108,PUBLICO-19940125-165,PUBLICO-19940809-077,PUBLICO-19950103-090,FSP940725-027|PUBLICO-19950712-007|FSP950820-206|PUBLICO-19940823-087|FSP940522-121|PUBLICO-19940308-114|PUBLICO-19950117-108|PUBLICO-19940125-165|PUBLICO-19940809-077|PUBLICO-19950103-090,
0093,2670,Quais são as regiões da Bélgica?,Quais são as regiões da Bélgica?,N/A,resolvida_sw,10,1000,16.9,PUBLICO-19950629-011,Publico,1995-06-29,PUBLICO-19940919-074,PUBLICO-19950526-060,PUBLICO-19940421-136,PUBLICO-19940806-163,PUBLICO-19951020-138,PUBLICO-19940619-109,PUBLICO-19950404-150,PUBLICO-19950404-179,PUBLICO-19950803-006,PUBLICO-19950629-011|PUBLICO-19940919-074|PUBLICO-19950526-060|PUBLICO-19940421-136|PUBLICO-19940806-163|PUBLICO-19951020-138|PUBLICO-19940619-109|PUBLICO-19950404-150|PUBLICO-19950404-179|PUBLICO-19950803-006,
0094,2671,Qual é o 31º estado dos Estados Unidos?,Qual é o 31º estado dos Estados Unidos?,N/A,resolvida_sw,10,1000,14.3,PUBLICO-19950301-050,Publico,1995-03-01,PUBLICO-19950614-133,PUBLICO-19950617-051,PUBLICO-19940219-110,PUBLICO-19940505-068,PUBLICO-19940509-091,PUBLICO-19940609-098,PUBLICO-19940706-106,PUBLICO-19940804-080,PUBLICO-19940805-018,PUBLICO-19950301-050|PUBLICO-19950614-133|PUBLICO-19950617-051|PUBLICO-19940219-110|PUBLICO-19940505-068|PUBLICO-19940509-091|PUBLICO-19940609-098|PUBLICO-19940706-106|PUBLICO-19940804-080|PUBLICO-19940805-018,
0095,2671,E o 37º?,E o 37º?,N/A,resolvida_sw,10,1000,5.0,FSP940618-084,Folha,940618,FSP950906-062,FSP940728-087,FSP950303-100,PUBLICO-19951221-003,PUBLICO-19940429-081,PUBLICO-19940525-030,PUBLICO-19940608-130,PUBLICO-19941114-035,PUBLICO-19950516-101,FSP940618-084|FSP950906-062|FSP940728-087|FSP950303-100|PUBLICO-19951221-003|PUBLICO-19940429-081|PUBLICO-19940525-030|PUBLICO-19940608-130|PUBLICO-19941114-035|PUBLICO-19950516-101,
0096,2672,O que era a RSFSR?,O que era a RSFSR?,N/A,resolvida_sw,10,1000,6.7,PUBLICO-19950106-090,Publico,1995-01-06,PUBLICO-19950131-127,PUBLICO-19950131-128,PUBLICO-19950522-140,FSP940327-276,FSP940612-136,FSP940615-069,FSP941002-143,FSP941227-014,FSP950305-027,PUBLICO-19950106-090|PUBLICO-19950131-127|PUBLICO-19950131-128|PUBLICO-19950522-140|FSP940327-276|FSP940612-136|FSP940615-069|FSP941002-143|FSP941227-014|FSP950305-027,
0097,2673,Quantos atletas participaram nos Jogos Olímpicos de 1976?,Quantos atletas participaram nos Jogos Olímpicos de 1976?,N/A,resolvida_sw,10,1000,79.1,PUBLICO-19950821-024,Publico,1995-08-21,PUBLICO-19951129-016,PUBLICO-19940804-013,PUBLICO-19951112-027,PUBLICO-19950813-029,PUBLICO-19950429-033,PUBLICO-19941014-016,PUBLICO-19950117-169,PUBLICO-19940818-007,PUBLICO-19950804-028,PUBLICO-19950821-024|PUBLICO-19951129-016|PUBLICO-19940804-013|PUBLICO-19951112-027|PUBLICO-19950813-029|PUBLICO-19950429-033|PUBLICO-19941014-016|PUBLICO-19950117-169|PUBLICO-19940818-007|PUBLICO-19950804-028,
0098,2673,Em que país se realizaram?,Em que país se realizaram?,N/A,resolvida_sw,10,1000,20.2,FSP950316-073,Folha,950316,FSP950428-148,FSP950607-042,PUBLICO-19940618-001,PUBLICO-19950807-005,FSP951224-135,PUBLICO-19940520-106,PUBLICO-19950321-146,PUBLICO-19950619-114,PUBLICO-19950920-120,FSP950316-073|FSP950428-148|FSP950607-042|PUBLICO-19940618-001|PUBLICO-19950807-005|FSP951224-135|PUBLICO-19940520-106|PUBLICO-19950321-146|PUBLICO-19950619-114|PUBLICO-19950920-120,
0099,2673,E em que cidade?,E em que cidade?,N/A,resolvida_sw,10,1000,10.9,PUBLICO-19941224-081,Publico,1994-12-24,FSP940121-126,FSP951226-004,FSP940408-120,FSP940821-170,FSP951001-213,PUBLICO-19950524-107,FSP940216-029,FSP950608-081,FSP951029-109,PUBLICO-19941224-081|FSP940121-126|FSP951226-004|FSP940408-120|FSP940821-170|FSP951001-213|PUBLICO-19950524-107|FSP940216-029|FSP950608-081|FSP951029-109,
0100,2674,O que é um berimbau?,O que é um berimbau?,N/A,resolvida_sw,10,1000,7.1,PUBLICO-19950219-047,Publico,1995-02-19,FSP940326-145,PUBLICO-19950110-135,FSP950503-008,FSP950528-175,FSP950130-116,FSP950107-059,FSP950218-115,FSP950421-132,PUBLICO-19950217-077,PUBLICO-19950219-047|FSP940326-145|PUBLICO-19950110-135|FSP950503-008|FSP950528-175|FSP950130-116|FSP950107-059|FSP950218-115|FSP950421-132|PUBLICO-19950217-077,
0101,2675,Que países fazem fronteira com a Itália?,Que países fazem fronteira com a Itália?,N/A,resolvida_sw,10,1000,55.5,PUBLICO-19950326-094,Publico,1995-03-26,FSP941108-130,PUBLICO-19950812-113,PUBLICO-19950814-082,PUBLICO-19940509-100,PUBLICO-19950928-136,PUBLICO-19940516-049,PUBLICO-19940607-171,PUBLICO-19950924-032,PUBLICO-19940419-103,PUBLICO-19950326-094|FSP941108-130|PUBLICO-19950812-113|PUBLICO-19950814-082|PUBLICO-19940509-100|PUBLICO-19950928-136|PUBLICO-19940516-049|PUBLICO-19940607-171|PUBLICO-19950924-032|PUBLICO-19940419-103,
0102,2676,Como se chama o xadrez japonês?,Como se chama o xadrez japonês?,N/A,resolvida_sw,10,1000,29.3,PUBLICO-19950413-010,Publico,1995-04-13,PUBLICO-19950128-061,PUBLICO-19951026-158,PUBLICO-19940104-088,PUBLICO-19950121-087,PUBLICO-19940222-112,FSP940107-163,FSP941023-043,PUBLICO-19940203-047,PUBLICO-19951019-161,PUBLICO-19950413-010|PUBLICO-19950128-061|PUBLICO-19951026-158|PUBLICO-19940104-088|PUBLICO-19950121-087|PUBLICO-19940222-112|FSP940107-163|FSP941023-043|PUBLICO-19940203-047|PUBLICO-19951019-161,
0103,2677,Qual é a temperatura do zero absoluto?,Qual é a temperatura do zero absoluto?,N/A,resolvida_sw,10,1000,13.8,PUBLICO-19940203-152,Publico,1994-02-03,FSP950430-157,FSP950129-167,PUBLICO-19950807-038,FSP940529-079,PUBLICO-19950310-052,PUBLICO-19940726-144,PUBLICO-19940826-129,PUBLICO-19940723-152,PUBLICO-19940803-010,PUBLICO-19940203-152|FSP950430-157|FSP950129-167|PUBLICO-19950807-038|FSP940529-079|PUBLICO-19950310-052|PUBLICO-19940726-144|PUBLICO-19940826-129|PUBLICO-19940723-152|PUBLICO-19940803-010,
0104,2678,Quem era a deusa da sabedoria?,Quem era a deusa da sabedoria?,N/A,resolvida_sw,10,1000,28.1,PUBLICO-19951030-098,Publico,1995-10-30,PUBLICO-19940910-086,PUBLICO-19940102-070,FSP950803-126,PUBLICO-19940706-134,FSP940808-072,PUBLICO-19950707-063,PUBLICO-19950826-081,PUBLICO-19941106-102,PUBLICO-19950404-121,PUBLICO-19951030-098|PUBLICO-19940910-086|PUBLICO-19940102-070|FSP950803-126|PUBLICO-19940706-134|FSP940808-072|PUBLICO-19950707-063|PUBLICO-19950826-081|PUBLICO-19941106-102|PUBLICO-19950404-121,
0105,2679,Que rio banha Paris?,Que rio banha Paris?,N/A,resolvida_sw,10,1000,50.7,FSP951203-119,Folha,951203,FSP951224-109,FSP940303-165,FSP950121-102,PUBLICO-19940516-110,PUBLICO-19940209-171,PUBLICO-19951201-206,FSP940420-083,PUBLICO-19940705-156,PUBLICO-19940218-100,FSP951203-119|FSP951224-109|FSP940303-165|FSP950121-102|PUBLICO-19940516-110|PUBLICO-19940209-171|PUBLICO-19951201-206|FSP940420-083|PUBLICO-19940705-156|PUBLICO-19940218-100,
0106,2680,Qual o comprimento do Spree?,Qual o comprimento do Spree?,N/A,resolvida_sw,10,1000,11.6,PUBLICO-19951229-042,Publico,1995-12-29,PUBLICO-19940728-152,PUBLICO-19950407-057,PUBLICO-19940422-086,PUBLICO-19940830-095,PUBLICO-19950610-194,PUBLICO-19950811-015,PUBLICO-19950821-024,FSP950302-097,PUBLICO-19941119-123,PUBLICO-19951229-042|PUBLICO-19940728-152|PUBLICO-19950407-057|PUBLICO-19940422-086|PUBLICO-19940830-095|PUBLICO-19950610-194|PUBLICO-19950811-015|PUBLICO-19950821-024|FSP950302-097|PUBLICO-19941119-123,
0107,2681,Qual é a capital do Cazaquistão?,Qual é a capital do Cazaquistão?,N/A,resolvida_sw,10,1000,9.0,PUBLICO-19950512-113,Publico,1995-05-12,PUBLICO-19951231-073,PUBLICO-19941001-035,PUBLICO-19940111-124,PUBLICO-19940117-104,PUBLICO-19951201-193,PUBLICO-19951205-120,PUBLICO-19940811-124,PUBLICO-19950818-041,FSP940502-034,PUBLICO-19950512-113|PUBLICO-19951231-073|PUBLICO-19941001-035|PUBLICO-19940111-124|PUBLICO-19940117-104|PUBLICO-19951201-193|PUBLICO-19951205-120|PUBLICO-19940811-124|PUBLICO-19950818-041|FSP940502-034,
0108,2681,E a sua maior cidade?,E a sua maior cidade?,N/A,resolvida_sw,10,1000,16.2,FSP951130-149,Folha,951130,FSP950214-074,PUBLICO-19951211-095,FSP950721-140,PUBLICO-19950131-053,PUBLICO-19940929-107,PUBLICO-19941106-055,PUBLICO-19950626-141,FSP940414-153,FSP950926-083,FSP951130-149|FSP950214-074|PUBLICO-19951211-095|FSP950721-140|PUBLICO-19950131-053|PUBLICO-19940929-107|PUBLICO-19941106-055|PUBLICO-19950626-141|FSP940414-153|FSP950926-083,
0109,2682,Quem é o actual presidente da Guatemala?,Quem é o actual presidente da Guatemala?,N/A,resolvida_sw,10,1000,25.4,PUBLICO-19951217-062,Publico,1995-12-17,PUBLICO-19940902-064,PUBLICO-19940521-094,PUBLICO-19940513-095,PUBLICO-19940910-034,PUBLICO-19940915-071,PUBLICO-19940916-076,PUBLICO-19940914-085,PUBLICO-19941119-080,PUBLICO-19940211-117,PUBLICO-19951217-062|PUBLICO-19940902-064|PUBLICO-19940521-094|PUBLICO-19940513-095|PUBLICO-19940910-034|PUBLICO-19940915-071|PUBLICO-19940916-076|PUBLICO-19940914-085|PUBLICO-19941119-080|PUBLICO-19940211-117,
0110,2682,Qual era o cargo dele em 1991?,Qual era o cargo dele em 1991?,N/A,resolvida_sw,10,1000,11.1,FSP940213-115,Folha,940213,FSP950617-062,PUBLICO-19940410-036,PUBLICO-19950909-168,FSP950206-043,PUBLICO-19940809-072,PUBLICO-19950404-145,FSP950625-108,PUBLICO-19951102-059,PUBLICO-19940408-135,FSP940213-115|FSP950617-062|PUBLICO-19940410-036|PUBLICO-19950909-168|FSP950206-043|PUBLICO-19940809-072|PUBLICO-19950404-145|FSP950625-108|PUBLICO-19951102-059|PUBLICO-19940408-135,
0111,2683,Quantas faixas tem a bandeira dos Estados Unidos?,Quantas faixas tem a bandeira dos Estados Unidos?,N/A,resolvida_sw,10,1000,18.4,PUBLICO-19940308-114,Publico,1994-03-08,FSP951212-114,FSP951028-092,FSP951028-101,PUBLICO-19950808-107,FSP940616-044,PUBLICO-19951123-114,FSP940512-099,FSP951008-233,PUBLICO-19950307-158,PUBLICO-19940308-114|FSP951212-114|FSP951028-092|FSP951028-101|PUBLICO-19950808-107|FSP940616-044|PUBLICO-19951123-114|FSP940512-099|FSP951008-233|PUBLICO-19950307-158,
0112,2684,Quais as cores da bandeira da Hungria?,Quais as cores da bandeira da Hungria?,N/A,resolvida_sw,10,1000,33.9,PUBLICO-19951013-153,Publico,1995-10-13,PUBLICO-19940305-077,FSP940123-127,PUBLICO-19940429-156,PUBLICO-19950807-017,PUBLICO-19941124-086,PUBLICO-19941204-056,PUBLICO-19950131-058,PUBLICO-19950322-153,FSP950726-113,PUBLICO-19951013-153|PUBLICO-19940305-077|FSP940123-127|PUBLICO-19940429-156|PUBLICO-19950807-017|PUBLICO-19941124-086|PUBLICO-19941204-056|PUBLICO-19950131-058|PUBLICO-19950322-153|FSP950726-113,
0113,2685,Quando ocorreu a batalha de Torres Vedras?,Quando ocorreu a batalha de Torres Vedras?,N/A,resolvida_sw,10,1000,23.6,PUBLICO-19951030-054,Publico,1995-10-30,PUBLICO-19940410-113,FSP940111-143,PUBLICO-19950509-116,FSP940917-085,PUBLICO-19940308-114,FSP950918-063,FSP940727-081,FSP941016-063,FSP950508-115,PUBLICO-19951030-054|PUBLICO-19940410-113|FSP940111-143|PUBLICO-19950509-116|FSP940917-085|PUBLICO-19940308-114|FSP950918-063|FSP940727-081|FSP941016-063|FSP950508-115,
0114,2686,Quem é o papa dos Infiéis?,Quem é o papa dos Infiéis?,N/A,resolvida_sw,10,1000,5.9,FSP950723-192,Folha,950723,PUBLICO-19950121-164,PUBLICO-19940909-077,FSP940106-181,FSP941225-008,FSP950409-040,FSP950416-202,PUBLICO-19940904-105,PUBLICO-19951008-104,FSP940414-016,FSP950723-192|PUBLICO-19950121-164|PUBLICO-19940909-077|FSP940106-181|FSP941225-008|FSP950409-040|FSP950416-202|PUBLICO-19940904-105|PUBLICO-19951008-104|FSP940414-016,
0115,2687,O que é VRML?,O que é VRML?,N/A,resolvida_sw,10,1000,3.8,PUBLICO-19950408-192,Publico,1995-04-08,FSP951031-105,FSP951205-131,FSP951212-127,PUBLICO-19951104-129,FSP950419-150,FSP950502-092,FSP950912-125,PUBLICO-19951020-152,FSP951022-134,PUBLICO-19950408-192|FSP951031-105|FSP951205-131|FSP951212-127|PUBLICO-19951104-129|FSP950419-150|FSP950502-092|FSP950912-125|PUBLICO-19951020-152|FSP951022-134,
0116,2688,Onde está a Arca da Aliança?,Onde está a Arca da Aliança?,N/A,resolvida_sw,10,1000,17.8,PUBLICO-19940612-054,Publico,1994-06-12,PUBLICO-19951107-145,FSP940507-081,PUBLICO-19941010-095,PUBLICO-19940928-089,PUBLICO-19940703-002,PUBLICO-19950628-056,PUBLICO-19950130-088,PUBLICO-19940719-132,PUBLICO-19940322-067,PUBLICO-19940612-054|PUBLICO-19951107-145|FSP940507-081|PUBLICO-19941010-095|PUBLICO-19940928-089|PUBLICO-19940703-002|PUBLICO-19950628-056|PUBLICO-19950130-088|PUBLICO-19940719-132|PUBLICO-19940322-067,
0117,2689,Como se chamava o Huambo durante a era colonial?,Como se chamava o Huambo durante a era colonial?,N/A,resolvida_sw,10,1000,13.2,PUBLICO-19950103-090,Publico,1995-01-03,PUBLICO-19950627-126,PUBLICO-19950226-037,PUBLICO-19940809-118,PUBLICO-19950426-140,PUBLICO-19940507-097,PUBLICO-19940514-116,PUBLICO-19940818-001,FSP940819-002,PUBLICO-19951006-104,PUBLICO-19950103-090|PUBLICO-19950627-126|PUBLICO-19950226-037|PUBLICO-19940809-118|PUBLICO-19950426-140|PUBLICO-19940507-097|PUBLICO-19940514-116|PUBLICO-19940818-001|FSP940819-002|PUBLICO-19951006-104,
0118,2690,Qual é a língua oficial do Egipto?,Qual é a língua oficial do Egipto?,N/A,resolvida_sw,10,1000,26.4,PUBLICO-19940404-078,Publico,1994-04-04,PUBLICO-19950103-090,PUBLICO-19940306-088,PUBLICO-19950508-111,PUBLICO-19940324-011,PUBLICO-19940305-077,PUBLICO-19940630-008,PUBLICO-19941027-109,PUBLICO-19950316-091,PUBLICO-19950706-083,PUBLICO-19940404-078|PUBLICO-19950103-090|PUBLICO-19940306-088|PUBLICO-19950508-111|PUBLICO-19940324-011|PUBLICO-19940305-077|PUBLICO-19940630-008|PUBLICO-19941027-109|PUBLICO-19950316-091|PUBLICO-19950706-083,
0119,2691,Quais os submarinos da Marinha Brasileira?,Quais os submarinos da Marinha Brasileira?,N/A,resolvida_sw,10,1000,50.4,FSP950723-121,Folha,950723,FSP950619-102,PUBLICO-19950715-078,PUBLICO-19940530-114,PUBLICO-19940419-144,PUBLICO-19940607-067,PUBLICO-19941004-098,PUBLICO-19950820-059,FSP950413-184,PUBLICO-19950304-197,FSP950723-121|FSP950619-102|PUBLICO-19950715-078|PUBLICO-19940530-114|PUBLICO-19940419-144|PUBLICO-19940607-067|PUBLICO-19941004-098|PUBLICO-19950820-059|FSP950413-184|PUBLICO-19950304-197,
0120,2692,Em que guerra combateu Joana de Arc?,Em que guerra combateu Joana de Arc?,N/A,resolvida_sw,10,1000,26.5,PUBLICO-19940802-047,Publico,1994-08-02,PUBLICO-19940801-041,PUBLICO-19951108-114,FSP950507-108,PUBLICO-19940309-128,PUBLICO-19940223-191,PUBLICO-19940224-151,PUBLICO-19940929-128,PUBLICO-19940401-126,PUBLICO-19940405-069,PUBLICO-19940802-047|PUBLICO-19940801-041|PUBLICO-19951108-114|FSP950507-108|PUBLICO-19940309-128|PUBLICO-19940223-191|PUBLICO-19940224-151|PUBLICO-19940929-128|PUBLICO-19940401-126|PUBLICO-19940405-069,
0121,2692,Onde é que ela foi queimada?,Onde é que ela foi queimada?,N/A,resolvida_sw,10,1000,5.2,PUBLICO-19940506-087,Publico,1994-05-06,PUBLICO-19940807-083,PUBLICO-19940901-046,FSP941211-129,PUBLICO-19941106-118,PUBLICO-19950319-102,PUBLICO-19950327-100,FSP940508-098,FSP940213-156,PUBLICO-19950825-043,PUBLICO-19940506-087|PUBLICO-19940807-083|PUBLICO-19940901-046|FSP941211-129|PUBLICO-19941106-118|PUBLICO-19950319-102|PUBLICO-19950327-100|FSP940508-098|FSP940213-156|PUBLICO-19950825-043,
0122,2692,Quando?,Quando?,N/A,resolvida_sw,10,1000,7.3,FSP950905-045,Folha,950905,PUBLICO-19940104-066,PUBLICO-19940127-126,PUBLICO-19940204-061,PUBLICO-19940216-076,PUBLICO-19940224-134,PUBLICO-19940225-157,PUBLICO-19940312-120,PUBLICO-19940313-125,PUBLICO-19940403-059,FSP950905-045|PUBLICO-19940104-066|PUBLICO-19940127-126|PUBLICO-19940204-061|PUBLICO-19940216-076|PUBLICO-19940224-134|PUBLICO-19940225-157|PUBLICO-19940312-120|PUBLICO-19940313-125|PUBLICO-19940403-059,
0123,2692,Que idade tinha ela?,Que idade tinha ela?,N/A,resolvida_sw,10,1000,7.6,PUBLICO-19940425-005,Publico,1994-04-25,PUBLICO-19940111-124,PUBLICO-19940315-121,PUBLICO-19950807-102,PUBLICO-19941217-125,PUBLICO-19950708-053,PUBLICO-19940124-083,PUBLICO-19940731-073,FSP940408-133,PUBLICO-19950219-116,PUBLICO-19940425-005|PUBLICO-19940111-124|PUBLICO-19940315-121|PUBLICO-19950807-102|PUBLICO-19941217-125|PUBLICO-19950708-053|PUBLICO-19940124-083|PUBLICO-19940731-073|FSP940408-133|PUBLICO-19950219-116,
0124,2693,Desde quando está Fidel Castro no poder?,Desde quando está Fidel Castro no poder?,N/A,resolvida_sw,10,1000,31.2,FSP950504-005,Folha,950504,FSP941031-039,PUBLICO-19950318-069,PUBLICO-19951205-044,PUBLICO-19940108-049,PUBLICO-19950318-070,PUBLICO-19950726-061,PUBLICO-19940602-059,PUBLICO-19941004-052,FSP940825-042,FSP950504-005|FSP941031-039|PUBLICO-19950318-069|PUBLICO-19951205-044|PUBLICO-19940108-049|PUBLICO-19950318-070|PUBLICO-19950726-061|PUBLICO-19940602-059|PUBLICO-19941004-052|FSP940825-042,
0125,2693,Quando é que ele nasceu?,Quando é que ele nasceu?,N/A,resolvida_sw,10,1000,6.1,PUBLICO-19950712-093,Publico,1995-07-12,PUBLICO-19951204-094,PUBLICO-19940313-125,PUBLICO-19950425-163,FSP940724-173,FSP941118-007,PUBLICO-19941027-112,PUBLICO-19941028-106,PUBLICO-19941103-090,PUBLICO-19950719-045,PUBLICO-19950712-093|PUBLICO-19951204-094|PUBLICO-19940313-125|PUBLICO-19950425-163|FSP940724-173|FSP941118-007|PUBLICO-19941027-112|PUBLICO-19941028-106|PUBLICO-19941103-090|PUBLICO-19950719-045,
0126,2693,Quem é o irmão dele?,Quem é o irmão dele?,N/A,resolvida_sw,10,1000,7.9,PUBLICO-19940513-095,Publico,1994-05-13,PUBLICO-19940930-056,PUBLICO-19951023-013,PUBLICO-19941210-179,FSP941024-083,PUBLICO-19940920-121,PUBLICO-19950901-054,FSP950305-077,PUBLICO-19950113-137,PUBLICO-19940420-104,PUBLICO-19940513-095|PUBLICO-19940930-056|PUBLICO-19951023-013|PUBLICO-19941210-179|FSP941024-083|PUBLICO-19940920-121|PUBLICO-19950901-054|FSP950305-077|PUBLICO-19950113-137|PUBLICO-19940420-104,
0127,2694,O que são os forcados?,O que são os forcados?,N/A,resolvida_sw,10,1000,10.4,FSP940917-047,Folha,940917,PUBLICO-19950314-109,PUBLICO-19950606-026,PUBLICO-19951128-104,FSP941107-045,PUBLICO-19940725-088,PUBLICO-19950314-111,PUBLICO-19950706-153,PUBLICO-19951115-119,FSP940202-124,FSP940917-047|PUBLICO-19950314-109|PUBLICO-19950606-026|PUBLICO-19951128-104|FSP941107-045|PUBLICO-19940725-088|PUBLICO-19950314-111|PUBLICO-19950706-153|PUBLICO-19951115-119|FSP940202-124,
0128,2695,Quando foi assinado o Tratado de Zamora?,Quando foi assinado o Tratado de Zamora?,N/A,resolvida_sw,10,1000,14.9,PUBLICO-19941027-064,Publico,1994-10-27,PUBLICO-19940719-059,FSP950608-129,PUBLICO-19940607-036,PUBLICO-19941027-066,PUBLICO-19940606-023,PUBLICO-19941010-075,PUBLICO-19951117-157,PUBLICO-19951025-041,PUBLICO-19940501-037,PUBLICO-19941027-064|PUBLICO-19940719-059|FSP950608-129|PUBLICO-19940607-036|PUBLICO-19941027-066|PUBLICO-19940606-023|PUBLICO-19941010-075|PUBLICO-19951117-157|PUBLICO-19951025-041|PUBLICO-19940501-037,
0129,2696,O que é o fogo de São Telmo?,O que é o fogo de São Telmo?,N/A,resolvida_sw,10,1000,41.4,PUBLICO-19950211-195,Publico,1995-02-11,PUBLICO-19950710-134,PUBLICO-19940518-148,PUBLICO-19950813-104,PUBLICO-19940412-101,PUBLICO-19940307-046,PUBLICO-19940608-107,PUBLICO-19951127-002,FSP950131-132,PUBLICO-19940301-108,PUBLICO-19950211-195|PUBLICO-19950710-134|PUBLICO-19940518-148|PUBLICO-19950813-104|PUBLICO-19940412-101|PUBLICO-19940307-046|PUBLICO-19940608-107|PUBLICO-19951127-002|FSP950131-132|PUBLICO-19940301-108,
0130,2697,O que é que é um brigadeiro?,O que é que é um brigadeiro?,N/A,resolvida_sw,10,1000,10.2,FSP940821-079,Folha,940821,PUBLICO-19940425-098,FSP941221-031,FSP950411-022,FSP940201-040,FSP940721-063,FSP950428-034,FSP950729-015,PUBLICO-19950708-195,FSP940529-147,FSP940821-079|PUBLICO-19940425-098|FSP941221-031|FSP950411-022|FSP940201-040|FSP940721-063|FSP950428-034|FSP950729-015|PUBLICO-19950708-195|FSP940529-147,
0131,2698,Quem inventou o forno de microondas?,Quem inventou o forno de microondas?,N/A,resolvida_sw,10,1000,21.7,FSP950508-113,Folha,950508,FSP940329-131,FSP940117-145,PUBLICO-19940422-038,FSP950327-050,PUBLICO-19950326-006,FSP941124-007,FSP940327-269,PUBLICO-19940805-069,PUBLICO-19940817-119,FSP950508-113|FSP940329-131|FSP940117-145|PUBLICO-19940422-038|FSP950327-050|PUBLICO-19950326-006|FSP941124-007|FSP940327-269|PUBLICO-19940805-069|PUBLICO-19940817-119,
0132,2699,Qual a nacionalidade de Nicole Kidman?,Qual a nacionalidade de Nicole Kidman?,N/A,resolvida_sw,10,1000,14.0,PUBLICO-19940604-004,Publico,1994-06-04,PUBLICO-19940904-098,PUBLICO-19950701-053,PUBLICO-19940210-097,PUBLICO-19950325-117,PUBLICO-19951112-029,FSP940102-100,PUBLICO-19940203-085,PUBLICO-19940404-096,PUBLICO-19940405-096,PUBLICO-19940604-004|PUBLICO-19940904-098|PUBLICO-19950701-053|PUBLICO-19940210-097|PUBLICO-19950325-117|PUBLICO-19951112-029|FSP940102-100|PUBLICO-19940203-085|PUBLICO-19940404-096|PUBLICO-19940405-096,
0133,2700,Quem patenteou o primeiro telégrafo sem fios?,Quem patenteou o primeiro telégrafo sem fios?,N/A,resolvida_sw,10,1000,21.3,PUBLICO-19950220-007,Publico,1995-02-20,PUBLICO-19941109-107,PUBLICO-19941012-128,FSP950430-057,FSP951001-027,PUBLICO-19950902-123,PUBLICO-19941018-103,PUBLICO-19950129-003,PUBLICO-19940203-126,PUBLICO-19940606-059,PUBLICO-19950220-007|PUBLICO-19941109-107|PUBLICO-19941012-128|FSP950430-057|FSP951001-027|PUBLICO-19950902-123|PUBLICO-19941018-103|PUBLICO-19950129-003|PUBLICO-19940203-126|PUBLICO-19940606-059,
0134,2701,Qual é a companhia francesa de caminhos-de-ferro ?,Qual é a companhia francesa de caminhos-de-ferro ?,N/A,resolvida_sw,10,1000,51.6,PUBLICO-19940601-146,Publico,1994-06-01,PUBLICO-19950103-090,PUBLICO-19951227-094,PUBLICO-19951231-069,FSP950703-134,PUBLICO-19940719-111,PUBLICO-19950708-049,PUBLICO-19950718-144,PUBLICO-19940416-065,FSP950511-103,PUBLICO-19940601-146|PUBLICO-19950103-090|PUBLICO-19951227-094|PUBLICO-19951231-069|FSP950703-134|PUBLICO-19940719-111|PUBLICO-19950708-049|PUBLICO-19950718-144|PUBLICO-19940416-065|FSP950511-103,
0135,2702,O que é a Feplam?,O que é a Feplam?,N/A,resolvida_sw,10,1000,3.7,FSP940927-058,Folha,940927,PUBLICO-19950131-127,PUBLICO-19950131-128,PUBLICO-19950522-140,FSP940327-276,FSP940612-136,FSP940615-069,FSP941002-143,FSP941227-014,FSP950305-027,FSP940927-058|PUBLICO-19950131-127|PUBLICO-19950131-128|PUBLICO-19950522-140|FSP940327-276|FSP940612-136|FSP940615-069|FSP941002-143|FSP941227-014|FSP950305-027,
0136,2703,Qual a dotação do Prémio Cervantes?,Qual a dotação do Prémio Cervantes?,N/A,resolvida_sw,10,1000,25.4,FSP940424-053,Folha,940424,PUBLICO-19940107-113,FSP950823-121,PUBLICO-19941214-142,PUBLICO-19951130-164,FSP940706-009,PUBLICO-19940605-001,PUBLICO-19941104-123,PUBLICO-19950702-138,FSP940502-034,FSP940424-053|PUBLICO-19940107-113|FSP950823-121|PUBLICO-19941214-142|PUBLICO-19951130-164|FSP940706-009|PUBLICO-19940605-001|PUBLICO-19941104-123|PUBLICO-19950702-138|FSP940502-034,
0137,2703,Quem é que ganhou o prémio em 1994?,Quem é que ganhou o prémio em 1994?,N/A,resolvida_sw,10,1000,10.5,PUBLICO-19940620-025,Publico,1994-06-20,FSP940717-075,PUBLICO-19950109-017,PUBLICO-19940610-007,FSP941108-104,FSP950724-066,PUBLICO-19940717-021,PUBLICO-19940804-012,PUBLICO-19941214-123,PUBLICO-19941218-012,PUBLICO-19940620-025|FSP940717-075|PUBLICO-19950109-017|PUBLICO-19940610-007|FSP941108-104|FSP950724-066|PUBLICO-19940717-021|PUBLICO-19940804-012|PUBLICO-19941214-123|PUBLICO-19941218-012,
0138,2704,Quem são os co-príncipes de Andorra?,Quem são os co-príncipes de Andorra?,N/A,resolvida_sw,10,1000,17.8,PUBLICO-19950214-132,Publico,1995-02-14,PUBLICO-19950127-139,FSP940208-163,PUBLICO-19940413-129,PUBLICO-19950907-104,PUBLICO-19940120-008,PUBLICO-19940614-083,PUBLICO-19950326-080,PUBLICO-19940209-171,PUBLICO-19940215-150,PUBLICO-19950214-132|PUBLICO-19950127-139|FSP940208-163|PUBLICO-19940413-129|PUBLICO-19950907-104|PUBLICO-19940120-008|PUBLICO-19940614-083|PUBLICO-19950326-080|PUBLICO-19940209-171|PUBLICO-19940215-150,
0139,2705,Que tipo de tecido é o damasco?,Que tipo de tecido é o damasco?,N/A,resolvida_sw,10,1000,10.2,PUBLICO-19950825-044,Publico,1995-08-25,PUBLICO-19950704-118,FSP950125-076,FSP940108-176,PUBLICO-19950519-052,PUBLICO-19940301-112,PUBLICO-19940330-134,PUBLICO-19940222-109,PUBLICO-19940922-046,FSP940814-087,PUBLICO-19950825-044|PUBLICO-19950704-118|FSP950125-076|FSP940108-176|PUBLICO-19950519-052|PUBLICO-19940301-112|PUBLICO-19940330-134|PUBLICO-19940222-109|PUBLICO-19940922-046|FSP940814-087,
0140,2706,Quantos jogadores tem uma equipa de voleibol?,Quantos jogadores tem uma equipa de voleibol?,N/A,resolvida_sw,10,1000,19.7,PUBLICO-19950930-029,Publico,1995-09-30,PUBLICO-19950220-023,PUBLICO-19950519-025,PUBLICO-19950614-025,PUBLICO-19941002-021,PUBLICO-19941002-028,PUBLICO-19951211-027,PUBLICO-19950401-020,PUBLICO-19950520-032,PUBLICO-19950804-028,PUBLICO-19950930-029|PUBLICO-19950220-023|PUBLICO-19950519-025|PUBLICO-19950614-025|PUBLICO-19941002-021|PUBLICO-19941002-028|PUBLICO-19951211-027|PUBLICO-19950401-020|PUBLICO-19950520-032|PUBLICO-19950804-028,
0141,2707,Quando é que viveu Zenão de Eleia?,Quando é que viveu Zenão de Eleia?,N/A,resolvida_sw,10,1000,13.0,PUBLICO-19940824-098,Publico,1994-08-24,PUBLICO-19940216-096,FSP940724-173,FSP950322-145,PUBLICO-19940430-001,PUBLICO-19941102-098,PUBLICO-19951123-117,FSP950806-088,PUBLICO-19940118-125,PUBLICO-19940209-143,PUBLICO-19940824-098|PUBLICO-19940216-096|FSP940724-173|FSP950322-145|PUBLICO-19940430-001|PUBLICO-19941102-098|PUBLICO-19951123-117|FSP950806-088|PUBLICO-19940118-125|PUBLICO-19940209-143,
0142,2708,Qual é a área da Groenlândia?,Qual é a área da Groenlândia?,N/A,resolvida_sw,10,1000,9.8,PUBLICO-19950222-094,Publico,1995-02-22,PUBLICO-19951229-042,FSP950531-115,FSP940213-176,FSP940925-212,FSP941016-135,PUBLICO-19940315-131,FSP940214-019,FSP940620-017,FSP950109-012,PUBLICO-19950222-094|PUBLICO-19951229-042|FSP950531-115|FSP940213-176|FSP940925-212|FSP941016-135|PUBLICO-19940315-131|FSP940214-019|FSP940620-017|FSP950109-012,
0143,2709,Quem foi a primeira mulher no espaço?,Quem foi a primeira mulher no espaço?,N/A,resolvida_sw,10,1000,38.5,FSP951210-092,Folha,951210,PUBLICO-19951112-129,PUBLICO-19940703-133,PUBLICO-19950206-099,PUBLICO-19951206-005,FSP951217-102,PUBLICO-19950831-127,FSP950306-100,PUBLICO-19950407-013,PUBLICO-19951014-101,FSP951210-092|PUBLICO-19951112-129|PUBLICO-19940703-133|PUBLICO-19950206-099|PUBLICO-19951206-005|FSP951217-102|PUBLICO-19950831-127|FSP950306-100|PUBLICO-19950407-013|PUBLICO-19951014-101,
0144,2709,E a segunda?,E a segunda?,N/A,resolvida_sw,10,1000,4.0,FSP941217-053,Folha,941217,FSP950111-054,FSP950430-194,FSP950519-130,FSP950609-096,PUBLICO-19950817-086,FSP940821-170,FSP941125-093,PUBLICO-19940223-133,PUBLICO-19940429-137,FSP941217-053|FSP950111-054|FSP950430-194|FSP950519-130|FSP950609-096|PUBLICO-19950817-086|FSP940821-170|FSP941125-093|PUBLICO-19940223-133|PUBLICO-19940429-137,
0145,2710,Diga um jornal libanês.,Diga um jornal libanês.,N/A,resolvida_sw,10,365,9.4,PUBLICO-19940427-124,Publico,1994-04-27,PUBLICO-19951114-084,PUBLICO-19950324-071,PUBLICO-19950617-119,PUBLICO-19950812-143,FSP941102-004,PUBLICO-19940208-020,PUBLICO-19950504-070,FSP940227-134,FSP941106-016,PUBLICO-19940427-124|PUBLICO-19951114-084|PUBLICO-19950324-071|PUBLICO-19950617-119|PUBLICO-19950812-143|FSP941102-004|PUBLICO-19940208-020|PUBLICO-19950504-070|FSP940227-134|FSP941106-016,
0146,2711,Quantos refugiados haitianos estão na base de Guantanamo?,Quantos refugiados haitianos estão na base de Guantanamo?,N/A,resolvida_sw,10,1000,65.2,PUBLICO-19941012-063,Publico,1994-10-12,PUBLICO-19940511-062,PUBLICO-19940511-071,PUBLICO-19941016-049,PUBLICO-19940516-048,PUBLICO-19950412-131,PUBLICO-19940711-040,PUBLICO-19951217-032,PUBLICO-19940717-026,PUBLICO-19940213-081,PUBLICO-19941012-063|PUBLICO-19940511-062|PUBLICO-19940511-071|PUBLICO-19941016-049|PUBLICO-19940516-048|PUBLICO-19950412-131|PUBLICO-19940711-040|PUBLICO-19951217-032|PUBLICO-19940717-026|PUBLICO-19940213-081,
0147,2712,Quando foi fundado o Vasco da Gama?,Quando foi fundado o Vasco da Gama?,N/A,resolvida_sw,10,1000,16.5,PUBLICO-19941002-097,Publico,1994-10-02,PUBLICO-19940905-031,PUBLICO-19940906-045,PUBLICO-19950321-109,PUBLICO-19940309-088,PUBLICO-19940224-149,PUBLICO-19940223-191,PUBLICO-19940224-151,PUBLICO-19940503-117,PUBLICO-19950602-153,PUBLICO-19941002-097|PUBLICO-19940905-031|PUBLICO-19940906-045|PUBLICO-19950321-109|PUBLICO-19940309-088|PUBLICO-19940224-149|PUBLICO-19940223-191|PUBLICO-19940224-151|PUBLICO-19940503-117|PUBLICO-19950602-153,
0148,2712,Por quem foi fundado?,Por quem foi fundado?,N/A,resolvida_sw,10,1000,8.6,PUBLICO-19941013-087,Publico,1994-10-13,PUBLICO-19941116-159,FSP940506-095,PUBLICO-19951217-030,FSP940213-152,FSP950924-129,PUBLICO-19940917-006,PUBLICO-19950213-113,PUBLICO-19940831-045,PUBLICO-19940928-054,PUBLICO-19941013-087|PUBLICO-19941116-159|FSP940506-095|PUBLICO-19951217-030|FSP940213-152|FSP950924-129|PUBLICO-19940917-006|PUBLICO-19950213-113|PUBLICO-19940831-045|PUBLICO-19940928-054,
0149,2713,Quando nasceu Vasco da Gama?,Quando nasceu Vasco da Gama?,N/A,resolvida_sw,10,1000,12.5,PUBLICO-19950126-136,Publico,1995-01-26,PUBLICO-19940223-191,PUBLICO-19940224-151,PUBLICO-19950321-109,PUBLICO-19940309-088,PUBLICO-19950428-153,PUBLICO-19940103-073,PUBLICO-19940104-102,PUBLICO-19951026-125,PUBLICO-19940503-117,PUBLICO-19950126-136|PUBLICO-19940223-191|PUBLICO-19940224-151|PUBLICO-19950321-109|PUBLICO-19940309-088|PUBLICO-19950428-153|PUBLICO-19940103-073|PUBLICO-19940104-102|PUBLICO-19951026-125|PUBLICO-19940503-117,
0150,2713,Onde é que ele morreu?,Onde é que ele morreu?,N/A,resolvida_sw,10,1000,11.2,PUBLICO-19940319-165,Publico,1994-03-19,PUBLICO-19941109-142,PUBLICO-19941109-056,PUBLICO-19951015-108,PUBLICO-19951128-109,FSP940508-149,PUBLICO-19940326-121,FSP940129-153,PUBLICO-19940703-002,PUBLICO-19950616-160,PUBLICO-19940319-165|PUBLICO-19941109-142|PUBLICO-19941109-056|PUBLICO-19951015-108|PUBLICO-19951128-109|FSP940508-149|PUBLICO-19940326-121|FSP940129-153|PUBLICO-19940703-002|PUBLICO-19950616-160,
0151,2714,Em que distrito fica Sines?,Em que distrito fica Sines?,N/A,resolvida_sw,10,1000,69.8,PUBLICO-19940805-127,Publico,1994-08-05,PUBLICO-19950711-118,PUBLICO-19941227-120,PUBLICO-19951207-059,PUBLICO-19950718-131,PUBLICO-19950719-124,PUBLICO-19951119-086,PUBLICO-19941227-056,FSP951126-201,PUBLICO-19940420-095,PUBLICO-19940805-127|PUBLICO-19950711-118|PUBLICO-19941227-120|PUBLICO-19951207-059|PUBLICO-19950718-131|PUBLICO-19950719-124|PUBLICO-19951119-086|PUBLICO-19941227-056|FSP951126-201|PUBLICO-19940420-095,
0152,2715,Qual é a capital de Dublin?,Qual é a capital de Dublin?,N/A,resolvida_sw,10,1000,4.5,PUBLICO-19950121-038,Publico,1995-01-21,FSP951129-052,FSP951129-058,PUBLICO-19940707-047,PUBLICO-19941002-082,PUBLICO-19950103-090,FSP940502-034,PUBLICO-19940816-093,PUBLICO-19941228-096,PUBLICO-19950109-006,PUBLICO-19950121-038|FSP951129-052|FSP951129-058|PUBLICO-19940707-047|PUBLICO-19941002-082|PUBLICO-19950103-090|FSP940502-034|PUBLICO-19940816-093|PUBLICO-19941228-096|PUBLICO-19950109-006,
0153,2716,Em que ano é que Halle Berry venceu o Óscar?,Em que ano é que Halle Berry venceu o Óscar?,N/A,resolvida_sw,10,1000,30.0,PUBLICO-19940823-090,Publico,1994-08-23,PUBLICO-19950310-025,PUBLICO-19940820-149,PUBLICO-19940809-079,FSP950124-120,PUBLICO-19950412-124,PUBLICO-19950516-134,PUBLICO-19950531-136,PUBLICO-19950620-157,PUBLICO-19950325-024,PUBLICO-19940823-090|PUBLICO-19950310-025|PUBLICO-19940820-149|PUBLICO-19940809-079|FSP950124-120|PUBLICO-19950412-124|PUBLICO-19950516-134|PUBLICO-19950531-136|PUBLICO-19950620-157|PUBLICO-19950325-024,
0154,2717,Por que estados corre o Havel?,Por que estados corre o Havel?,N/A,resolvida_sw,10,1000,37.0,FSP950128-074,Folha,950128,PUBLICO-19941029-078,PUBLICO-19950912-059,PUBLICO-19940122-122,FSP951103-013,PUBLICO-19941118-118,PUBLICO-19950624-210,PUBLICO-19941004-114,FSP940525-024,PUBLICO-19950330-138,FSP950128-074|PUBLICO-19941029-078|PUBLICO-19950912-059|PUBLICO-19940122-122|FSP951103-013|PUBLICO-19941118-118|PUBLICO-19950624-210|PUBLICO-19941004-114|FSP940525-024|PUBLICO-19950330-138,
0155,2718,Diga um escritor irlandês.,Diga um escritor irlandês.,N/A,resolvida_sw,10,365,10.1,PUBLICO-19951009-104,Publico,1995-10-09,FSP940131-122,FSP940313-185,PUBLICO-19950220-102,PUBLICO-19941121-002,PUBLICO-19950314-115,PUBLICO-19940331-008,PUBLICO-19950102-077,PUBLICO-19951009-113,PUBLICO-19951030-098,PUBLICO-19951009-104|FSP940131-122|FSP940313-185|PUBLICO-19950220-102|PUBLICO-19941121-002|PUBLICO-19950314-115|PUBLICO-19940331-008|PUBLICO-19950102-077|PUBLICO-19951009-113|PUBLICO-19951030-098,
0156,2719,Quem foi Carl Barks?,Quem foi Carl Barks?,N/A,resolvida_sw,10,1000,16.6,FSP950501-103,Folha,950501,PUBLICO-19940925-072,PUBLICO-19940309-127,PUBLICO-19940319-182,PUBLICO-19940904-105,FSP940212-012,PUBLICO-19940409-176,PUBLICO-19940224-048,FSP950605-045,PUBLICO-19950118-124,FSP950501-103|PUBLICO-19940925-072|PUBLICO-19940309-127|PUBLICO-19940319-182|PUBLICO-19940904-105|FSP940212-012|PUBLICO-19940409-176|PUBLICO-19940224-048|FSP950605-045|PUBLICO-19950118-124,
0157,2719,Onde é que ele nasceu?,Onde é que ele nasceu?,N/A,resolvida_sw,10,1000,5.1,FSP940328-143,Folha,940328,PUBLICO-19940809-109,PUBLICO-19951015-108,FSP950207-110,PUBLICO-19940810-089,PUBLICO-19951128-109,FSP940417-122,FSP940828-096,FSP950221-123,PUBLICO-19951024-117,FSP940328-143|PUBLICO-19940809-109|PUBLICO-19951015-108|FSP950207-110|PUBLICO-19940810-089|PUBLICO-19951128-109|FSP940417-122|FSP940828-096|FSP950221-123|PUBLICO-19951024-117,
0158,2719,Quem eram os pais dele?,Quem eram os pais dele?,N/A,resolvida_sw,10,1000,7.7,PUBLICO-19941102-083,Publico,1994-11-02,PUBLICO-19950704-174,FSP940625-122,PUBLICO-19950917-068,PUBLICO-19950919-100,PUBLICO-19951004-091,PUBLICO-19951016-094,FSP940328-053,FSP941127-025,FSP950219-200,PUBLICO-19941102-083|PUBLICO-19950704-174|FSP940625-122|PUBLICO-19950917-068|PUBLICO-19950919-100|PUBLICO-19951004-091|PUBLICO-19951016-094|FSP940328-053|FSP941127-025|FSP950219-200,
0159,2720,O que é um kilt?,O que é um kilt?,N/A,resolvida_sw,10,1000,8.5,FSP940212-194,Folha,940212,FSP940327-302,FSP950107-088,FSP950106-094,FSP940721-102,FSP940512-106,FSP940901-092,FSP941023-067,FSP941101-079,FSP950406-114,FSP940212-194|FSP940327-302|FSP950107-088|FSP950106-094|FSP940721-102|FSP940512-106|FSP940901-092|FSP941023-067|FSP941101-079|FSP950406-114,
0160,2721,Quem realizou «Os Pássaros»?,Quem realizou «Os Pássaros»?,N/A,resolvida_sw,10,1000,39.4,PUBLICO-19950508-119,Publico,1995-05-08,PUBLICO-19941206-100,PUBLICO-19950401-095,PUBLICO-19940721-001,PUBLICO-19950307-022,PUBLICO-19950401-013,PUBLICO-19951109-114,FSP940801-007,PUBLICO-19940909-117,FSP940410-010,PUBLICO-19950508-119|PUBLICO-19941206-100|PUBLICO-19950401-095|PUBLICO-19940721-001|PUBLICO-19950307-022|PUBLICO-19950401-013|PUBLICO-19951109-114|FSP940801-007|PUBLICO-19940909-117|FSP940410-010,
0161,2722,Quantos filmes realizou Jean Vigo?,Quantos filmes realizou Jean Vigo?,N/A,resolvida_sw,10,1000,36.2,PUBLICO-19950221-005,Publico,1995-02-21,PUBLICO-19940330-110,PUBLICO-19950430-130,PUBLICO-19950204-167,PUBLICO-19950614-114,PUBLICO-19950329-130,PUBLICO-19951227-086,PUBLICO-19950111-003,PUBLICO-19941206-100,PUBLICO-19941005-109,PUBLICO-19950221-005|PUBLICO-19940330-110|PUBLICO-19950430-130|PUBLICO-19950204-167|PUBLICO-19950614-114|PUBLICO-19950329-130|PUBLICO-19951227-086|PUBLICO-19950111-003|PUBLICO-19941206-100|PUBLICO-19941005-109,
0162,2722,Diga um desses filmes.,Diga um desses filmes.,N/A,resolvida_sw,10,365,43.0,PUBLICO-19940112-141,Publico,1994-01-12,PUBLICO-19941109-107,PUBLICO-19940326-175,PUBLICO-19940916-117,PUBLICO-19940623-116,FSP950223-090,PUBLICO-19950604-075,PUBLICO-19941119-006,PUBLICO-19940720-120,PUBLICO-19940427-124,PUBLICO-19940112-141|PUBLICO-19941109-107|PUBLICO-19940326-175|PUBLICO-19940916-117|PUBLICO-19940623-116|FSP950223-090|PUBLICO-19950604-075|PUBLICO-19941119-006|PUBLICO-19940720-120|PUBLICO-19940427-124,
0163,2723,Qual o comprimento da Ponte do Øresund?,Qual o comprimento da Ponte do Øresund?,N/A,resolvida_sw,10,1000,23.9,FSP941102-064,Folha,941102,PUBLICO-19940830-095,FSP951210-009,PUBLICO-19951122-135,PUBLICO-19940216-034,FSP940109-230,FSP950923-006,PUBLICO-19950403-048,PUBLICO-19950929-129,FSP940912-102,FSP941102-064|PUBLICO-19940830-095|FSP951210-009|PUBLICO-19951122-135|PUBLICO-19940216-034|FSP940109-230|FSP950923-006|PUBLICO-19950403-048|PUBLICO-19950929-129|FSP940912-102,
0164,2724,Que companhia está baseada no Aeroporto Ben Gurion?,Que companhia está baseada no Aeroporto Ben Gurion?,N/A,resolvida_sw,10,1000,31.5,PUBLICO-19940301-112,Publico,1994-03-01,PUBLICO-19941004-114,PUBLICO-19951011-132,PUBLICO-19940419-103,PUBLICO-19951213-109,PUBLICO-19950606-016,PUBLICO-19941109-006,FSP940211-168,FSP941023-037,PUBLICO-19940311-011,PUBLICO-19940301-112|PUBLICO-19941004-114|PUBLICO-19951011-132|PUBLICO-19940419-103|PUBLICO-19951213-109|PUBLICO-19950606-016|PUBLICO-19941109-006|FSP940211-168|FSP941023-037|PUBLICO-19940311-011,
0165,2725,Que navio americano foi afundado em Pearl Harbor in 1941?,Que navio americano foi afundado em Pearl Harbor in 1941?,N/A,resolvida_sw,10,1000,63.0,PUBLICO-19941124-006,Publico,1994-11-24,PUBLICO-19950314-119,FSP951109-114,PUBLICO-19940119-159,FSP950515-093,PUBLICO-19951201-041,FSP940914-148,PUBLICO-19950716-077,PUBLICO-19940828-043,PUBLICO-19940904-072,PUBLICO-19941124-006|PUBLICO-19950314-119|FSP951109-114|PUBLICO-19940119-159|FSP950515-093|PUBLICO-19951201-041|FSP940914-148|PUBLICO-19950716-077|PUBLICO-19940828-043|PUBLICO-19940904-072,
0166,2725,E que navio japonês?,E que navio japonês?,N/A,resolvida_sw,10,1000,6.9,FSP951216-118,Folha,951216,PUBLICO-19950127-105,PUBLICO-19940419-079,PUBLICO-19950504-169,FSP940825-073,PUBLICO-19940221-028,FSP950907-114,FSP940317-186,FSP950526-007,FSP950615-049,FSP951216-118|PUBLICO-19950127-105|PUBLICO-19940419-079|PUBLICO-19950504-169|FSP940825-073|PUBLICO-19940221-028|FSP950907-114|FSP940317-186|FSP950526-007|FSP950615-049,
0167,2726,O que é o Crescente Fértil?,O que é o Crescente Fértil?,N/A,resolvida_sw,10,1000,18.2,PUBLICO-19950718-087,Publico,1995-07-18,FSP950423-070,PUBLICO-19950819-044,PUBLICO-19940412-169,FSP940310-193,PUBLICO-19940422-163,PUBLICO-19940523-042,PUBLICO-19940605-027,PUBLICO-19950115-046,PUBLICO-19950205-037,PUBLICO-19950718-087|FSP950423-070|PUBLICO-19950819-044|PUBLICO-19940412-169|FSP940310-193|PUBLICO-19940422-163|PUBLICO-19940523-042|PUBLICO-19940605-027|PUBLICO-19950115-046|PUBLICO-19950205-037,
0168,2727,Diga um clube de futebol de Campinas.,Diga um clube de futebol de Campinas.,N/A,resolvida_sw,10,365,11.1,PUBLICO-19950301-010,Publico,1995-03-01,PUBLICO-19950216-016,PUBLICO-19941112-020,PUBLICO-19941204-055,PUBLICO-19950427-017,FSP940927-075,PUBLICO-19951220-011,PUBLICO-19951102-102,PUBLICO-19951109-111,PUBLICO-19951130-134,PUBLICO-19950301-010|PUBLICO-19950216-016|PUBLICO-19941112-020|PUBLICO-19941204-055|PUBLICO-19950427-017|FSP940927-075|PUBLICO-19951220-011|PUBLICO-19951102-102|PUBLICO-19951109-111|PUBLICO-19951130-134,
0169,2727,E um de Belo Horizonte.,E um de Belo Horizonte.,N/A,resolvida_sw,10,1000,10.4,FSP940227-012,Folha,940227,FSP941125-096,FSP951210-129,FSP941021-080,FSP941022-078,FSP941023-088,FSP941120-179,FSP940209-010,FSP950307-011,FSP940426-009,FSP940227-012|FSP941125-096|FSP951210-129|FSP941021-080|FSP941022-078|FSP941023-088|FSP941120-179|FSP940209-010|FSP950307-011|FSP940426-009,
0170,2728,Qual a capital do Mato Grosso?,Qual a capital do Mato Grosso?,N/A,resolvida_sw,10,1000,11.2,PUBLICO-19950103-090,Publico,1995-01-03,FSP951209-009,PUBLICO-19951205-162,FSP950217-032,PUBLICO-19940315-121,PUBLICO-19940510-101,FSP940502-034,PUBLICO-19940816-093,PUBLICO-19941228-096,PUBLICO-19950109-006,PUBLICO-19950103-090|FSP951209-009|PUBLICO-19951205-162|FSP950217-032|PUBLICO-19940315-121|PUBLICO-19940510-101|FSP940502-034|PUBLICO-19940816-093|PUBLICO-19941228-096|PUBLICO-19950109-006,
0171,2729,Quem foi o oitavo marido de Elizabeth Taylor?,Quem foi o oitavo marido de Elizabeth Taylor?,N/A,resolvida_sw,10,1000,53.2,PUBLICO-19940218-098,Publico,1994-02-18,PUBLICO-19950307-138,PUBLICO-19951102-059,PUBLICO-19940605-090,PUBLICO-19951017-023,PUBLICO-19940706-127,PUBLICO-19940919-107,PUBLICO-19950116-013,PUBLICO-19940508-109,PUBLICO-19951121-015,PUBLICO-19940218-098|PUBLICO-19950307-138|PUBLICO-19951102-059|PUBLICO-19940605-090|PUBLICO-19951017-023|PUBLICO-19940706-127|PUBLICO-19940919-107|PUBLICO-19950116-013|PUBLICO-19940508-109|PUBLICO-19951121-015,
0172,2729,Quando é que eles se casaram?,Quando é que eles se casaram?,N/A,resolvida_sw,10,1000,7.7,PUBLICO-19940222-105,Publico,1994-02-22,PUBLICO-19951122-136,FSP940501-170,PUBLICO-19941227-126,FSP941211-184,PUBLICO-19940814-069,PUBLICO-19950227-098,PUBLICO-19950521-126,PUBLICO-19951108-103,FSP940204-181,PUBLICO-19940222-105|PUBLICO-19951122-136|FSP940501-170|PUBLICO-19941227-126|FSP941211-184|PUBLICO-19940814-069|PUBLICO-19950227-098|PUBLICO-19950521-126|PUBLICO-19951108-103|FSP940204-181,
0173,2729,Qual é a nacionalidade dela?,Qual é a nacionalidade dela?,N/A,resolvida_sw,10,1000,2.9,PUBLICO-19940604-004,Publico,1994-06-04,PUBLICO-19940904-098,PUBLICO-19950701-053,PUBLICO-19940210-097,PUBLICO-19950325-117,PUBLICO-19951112-029,FSP940102-100,PUBLICO-19940203-085,PUBLICO-19940404-096,PUBLICO-19940405-096,PUBLICO-19940604-004|PUBLICO-19940904-098|PUBLICO-19950701-053|PUBLICO-19940210-097|PUBLICO-19950325-117|PUBLICO-19951112-029|FSP940102-100|PUBLICO-19940203-085|PUBLICO-19940404-096|PUBLICO-19940405-096,
0174,2730,Quantos gêneros tem o alemão?,Quantos gêneros tem o alemão?,N/A,resolvida_sw,10,1000,15.0,PUBLICO-19951205-166,Publico,1995-12-05,PUBLICO-19940515-086,FSP940819-037,PUBLICO-19940321-089,FSP941229-091,PUBLICO-19940125-007,FSP951002-147,PUBLICO-19940201-098,PUBLICO-19940509-100,PUBLICO-19941206-092,PUBLICO-19951205-166|PUBLICO-19940515-086|FSP940819-037|PUBLICO-19940321-089|FSP941229-091|PUBLICO-19940125-007|FSP951002-147|PUBLICO-19940201-098|PUBLICO-19940509-100|PUBLICO-19941206-092,
0175,2730,E quantos tem o romanche?,E quantos tem o romanche?,N/A,resolvida_sw,10,1000,11.5,PUBLICO-19941213-123,Publico,1994-12-13,PUBLICO-19940509-093,FSP950305-118,PUBLICO-19940706-152,FSP941221-112,PUBLICO-19940305-147,PUBLICO-19940903-006,PUBLICO-19951011-118,PUBLICO-19940107-074,PUBLICO-19940420-164,PUBLICO-19941213-123|PUBLICO-19940509-093|FSP950305-118|PUBLICO-19940706-152|FSP941221-112|PUBLICO-19940305-147|PUBLICO-19940903-006|PUBLICO-19951011-118|PUBLICO-19940107-074|PUBLICO-19940420-164,
0176,2731,Quanto tempo reinou Ramsés II?,Quanto tempo reinou Ramsés II?,N/A,resolvida_sw,10,1000,48.8,PUBLICO-19950315-110,Publico,1995-03-15,PUBLICO-19940615-150,PUBLICO-19940611-045,PUBLICO-19941109-139,PUBLICO-19950509-169,PUBLICO-19951024-099,FSP950622-029,PUBLICO-19950408-054,FSP951105-118,FSP950101-038,PUBLICO-19950315-110|PUBLICO-19940615-150|PUBLICO-19940611-045|PUBLICO-19941109-139|PUBLICO-19950509-169|PUBLICO-19951024-099|FSP950622-029|PUBLICO-19950408-054|FSP951105-118|FSP950101-038,
0177,2731,Quando começou o seu reinado?,Quando começou o seu reinado?,N/A,resolvida_sw,10,1000,12.0,PUBLICO-19950126-131,Publico,1995-01-26,PUBLICO-19940416-191,PUBLICO-19950307-130,PUBLICO-19940101-096,PUBLICO-19940209-171,PUBLICO-19940602-006,FSP940209-172,PUBLICO-19940820-139,PUBLICO-19941227-126,FSP940401-110,PUBLICO-19950126-131|PUBLICO-19940416-191|PUBLICO-19950307-130|PUBLICO-19940101-096|PUBLICO-19940209-171|PUBLICO-19940602-006|FSP940209-172|PUBLICO-19940820-139|PUBLICO-19941227-126|FSP940401-110,
0178,2731,Ele ordenou a construção de que templos?,Ele ordenou a construção de que templos?,N/A,resolvida_sw,10,1000,30.5,PUBLICO-19941104-075,Publico,1994-11-04,PUBLICO-19950423-065,FSP940306-090,PUBLICO-19940317-119,FSP951022-038,FSP951117-040,FSP941025-075,PUBLICO-19950706-140,FSP950211-069,FSP950421-056,PUBLICO-19941104-075|PUBLICO-19950423-065|FSP940306-090|PUBLICO-19940317-119|FSP951022-038|FSP951117-040|FSP941025-075|PUBLICO-19950706-140|FSP950211-069|FSP950421-056,
0179,2732,Que se passou a 9 de Novembro de 1991?,Que se passou a 9 de Novembro de 1991?,N/A,resolvida_sw,10,1000,15.9,PUBLICO-19940422-230,Publico,1994-04-22,PUBLICO-19940121-006,PUBLICO-19940219-189,PUBLICO-19940421-136,PUBLICO-19940408-135,PUBLICO-19941228-112,PUBLICO-19941229-084,PUBLICO-19950212-113,PUBLICO-19950730-144,PUBLICO-19951224-083,PUBLICO-19940422-230|PUBLICO-19940121-006|PUBLICO-19940219-189|PUBLICO-19940421-136|PUBLICO-19940408-135|PUBLICO-19941228-112|PUBLICO-19941229-084|PUBLICO-19950212-113|PUBLICO-19950730-144|PUBLICO-19951224-083,
0180,2733,Quantos actos tem a ópera Verdi da Aida?,Quantos actos tem a ópera Verdi da Aida?,N/A,resolvida_sw,10,1000,83.0,PUBLICO-19940707-007,Publico,1994-07-07,PUBLICO-19950726-134,PUBLICO-19941101-104,PUBLICO-19950902-004,FSP940402-136,PUBLICO-19940220-097,PUBLICO-19950601-013,PUBLICO-19940823-091,PUBLICO-19940812-107,PUBLICO-19940608-037,PUBLICO-19940707-007|PUBLICO-19950726-134|PUBLICO-19941101-104|PUBLICO-19950902-004|FSP940402-136|PUBLICO-19940220-097|PUBLICO-19950601-013|PUBLICO-19940823-091|PUBLICO-19940812-107|PUBLICO-19940608-037,
0181,2733,Quem escreveu o libretto dessa ópera?,Quem escreveu o libretto dessa ópera?,N/A,resolvida_sw,10,1000,12.4,PUBLICO-19941109-107,Publico,1994-11-09,FSP950425-117,FSP940910-068,FSP941113-111,FSP950702-111,PUBLICO-19950617-124,PUBLICO-19940516-073,PUBLICO-19940610-050,PUBLICO-19950726-129,FSP941228-083,PUBLICO-19941109-107|FSP950425-117|FSP940910-068|FSP941113-111|FSP950702-111|PUBLICO-19950617-124|PUBLICO-19940516-073|PUBLICO-19940610-050|PUBLICO-19950726-129|FSP941228-083,
0182,2733,Quando é que estreou a ópera?,Quando é que estreou a ópera?,N/A,resolvida_sw,10,1000,12.1,FSP950809-109,Folha,950809,FSP950908-110,FSP951008-178,FSP951122-142,FSP940328-125,FSP941124-098,FSP950807-086,FSP941016-092,PUBLICO-19941123-115,FSP940703-095,FSP950809-109|FSP950908-110|FSP951008-178|FSP951122-142|FSP940328-125|FSP941124-098|FSP950807-086|FSP941016-092|PUBLICO-19941123-115|FSP940703-095,
0183,2734,Quem se tornou lider do Partido Quebequense em 2005?,Quem se tornou lider do Partido Quebequense em 2005?,N/A,resolvida_sw,10,1000,40.2,PUBLICO-19940914-058,Publico,1994-09-14,PUBLICO-19951101-124,FSP940510-011,FSP940522-028,PUBLICO-19950624-185,PUBLICO-19940418-039,PUBLICO-19940518-095,PUBLICO-19951226-031,PUBLICO-19950724-043,PUBLICO-19950620-064,PUBLICO-19940914-058|PUBLICO-19951101-124|FSP940510-011|FSP940522-028|PUBLICO-19950624-185|PUBLICO-19940418-039|PUBLICO-19940518-095|PUBLICO-19951226-031|PUBLICO-19950724-043|PUBLICO-19950620-064,
0184,2735,Qual é a maior cidade do Canadá?,Qual é a maior cidade do Canadá?,N/A,resolvida_sw,10,1000,19.0,PUBLICO-19940918-061,Publico,1994-09-18,FSP940502-056,FSP941009-091,PUBLICO-19950331-059,FSP950820-058,PUBLICO-19940908-095,PUBLICO-19941024-093,PUBLICO-19950525-101,FSP940715-087,PUBLICO-19940917-065,PUBLICO-19940918-061|FSP940502-056|FSP941009-091|PUBLICO-19950331-059|FSP950820-058|PUBLICO-19940908-095|PUBLICO-19941024-093|PUBLICO-19950525-101|FSP940715-087|PUBLICO-19940917-065,
0185,2736,O que é o Gil Vicente FC?,O que é o Gil Vicente FC?,N/A,resolvida_sw,10,1000,30.4,PUBLICO-19950320-023,Publico,1995-03-20,PUBLICO-19950826-009,PUBLICO-19950822-013,PUBLICO-19950318-122,PUBLICO-19950722-197,PUBLICO-19950830-088,PUBLICO-19941020-025,PUBLICO-19950615-020,PUBLICO-19940201-012,PUBLICO-19950319-097,PUBLICO-19950320-023|PUBLICO-19950826-009|PUBLICO-19950822-013|PUBLICO-19950318-122|PUBLICO-19950722-197|PUBLICO-19950830-088|PUBLICO-19941020-025|PUBLICO-19950615-020|PUBLICO-19940201-012|PUBLICO-19950319-097,
0186,2737,Quem foi Gil Vicente?,Quem foi Gil Vicente?,N/A,resolvida_sw,10,1000,7.8,PUBLICO-19940304-010,Publico,1994-03-04,PUBLICO-19940207-019,PUBLICO-19940220-015,PUBLICO-19950925-079,PUBLICO-19940309-105,PUBLICO-19940110-017,PUBLICO-19940125-103,PUBLICO-19940204-011,PUBLICO-19941207-013,PUBLICO-19950104-091,PUBLICO-19940304-010|PUBLICO-19940207-019|PUBLICO-19940220-015|PUBLICO-19950925-079|PUBLICO-19940309-105|PUBLICO-19940110-017|PUBLICO-19940125-103|PUBLICO-19940204-011|PUBLICO-19941207-013|PUBLICO-19950104-091,
0187,2738,"Quem foi o ""pai do teatro português""?","Quem foi o ""pai do teatro português""?",N/A,resolvida_sw,0,0,4.8,,,,,,,,,,,,,,
0188,2739,Qual a área do Parque Estadual Guariba?,Qual a área do Parque Estadual Guariba?,N/A,resolvida_sw,10,1000,16.5,FSP950211-025,Folha,950211,FSP951112-074,PUBLICO-19950909-075,FSP940808-065,FSP950910-155,PUBLICO-19940324-089,PUBLICO-19950306-060,FSP940914-067,PUBLICO-19950301-044,PUBLICO-19951119-095,FSP950211-025|FSP951112-074|PUBLICO-19950909-075|FSP940808-065|FSP950910-155|PUBLICO-19940324-089|PUBLICO-19950306-060|FSP940914-067|PUBLICO-19950301-044|PUBLICO-19951119-095,
0189,2739,Quando foi criado o parque?,Quando foi criado o parque?,N/A,resolvida_sw,10,1000,8.4,FSP940407-129,Folha,940407,PUBLICO-19950527-063,PUBLICO-19950324-151,PUBLICO-19951226-024,PUBLICO-19950311-175,PUBLICO-19950405-067,FSP940311-189,FSP950807-031,PUBLICO-19950131-069,PUBLICO-19950206-118,FSP940407-129|PUBLICO-19950527-063|PUBLICO-19950324-151|PUBLICO-19951226-024|PUBLICO-19950311-175|PUBLICO-19950405-067|FSP940311-189|FSP950807-031|PUBLICO-19950131-069|PUBLICO-19950206-118,
0190,2740,O que é a Torre do Tombo?,O que é a Torre do Tombo?,N/A,resolvida_sw,10,1000,10.9,PUBLICO-19940423-196,Publico,1994-04-23,PUBLICO-19940701-014,PUBLICO-19950306-063,PUBLICO-19951126-131,PUBLICO-19940303-010,PUBLICO-19940303-013,PUBLICO-19940422-222,PUBLICO-19940423-005,PUBLICO-19940112-088,PUBLICO-19940125-137,PUBLICO-19940423-196|PUBLICO-19940701-014|PUBLICO-19950306-063|PUBLICO-19951126-131|PUBLICO-19940303-010|PUBLICO-19940303-013|PUBLICO-19940422-222|PUBLICO-19940423-005|PUBLICO-19940112-088|PUBLICO-19940125-137,
0191,2740,Onde fica?,Onde fica?,N/A,resolvida_sw,10,1000,6.9,FSP940830-097,Folha,940830,PUBLICO-19940809-109,PUBLICO-19940810-089,PUBLICO-19950521-007,FSP940704-112,FSP941102-090,PUBLICO-19941117-081,PUBLICO-19940811-009,FSP941102-091,FSP951106-122,FSP940830-097|PUBLICO-19940809-109|PUBLICO-19940810-089|PUBLICO-19950521-007|FSP940704-112|FSP941102-090|PUBLICO-19941117-081|PUBLICO-19940811-009|FSP941102-091|FSP951106-122,
0192,2741,Que país faz fronteira com Cuba?,Que país faz fronteira com Cuba?,N/A,resolvida_sw,10,1000,17.5,FSP940911-023,Folha,940911,PUBLICO-19951213-109,PUBLICO-19940124-083,PUBLICO-19950412-131,FSP950430-046,FSP940226-186,PUBLICO-19940704-089,PUBLICO-19940327-048,PUBLICO-19941112-099,FSP940103-024,FSP940911-023|PUBLICO-19951213-109|PUBLICO-19940124-083|PUBLICO-19950412-131|FSP950430-046|FSP940226-186|PUBLICO-19940704-089|PUBLICO-19940327-048|PUBLICO-19941112-099|FSP940103-024,
0193,2742,Qual é o comprimento do metro de Coimbra?,Qual é o comprimento do metro de Coimbra?,N/A,resolvida_sw,10,1000,20.9,PUBLICO-19951229-042,Publico,1995-12-29,PUBLICO-19950407-057,PUBLICO-19940422-086,PUBLICO-19950603-196,PUBLICO-19951122-135,PUBLICO-19940709-175,PUBLICO-19951017-115,PUBLICO-19951019-146,PUBLICO-19940414-118,PUBLICO-19950713-147,PUBLICO-19951229-042|PUBLICO-19950407-057|PUBLICO-19940422-086|PUBLICO-19950603-196|PUBLICO-19951122-135|PUBLICO-19940709-175|PUBLICO-19951017-115|PUBLICO-19951019-146|PUBLICO-19940414-118|PUBLICO-19950713-147,
0194,2743,Quantas esposas tinha Ngungunhane?,Quantas esposas tinha Ngungunhane?,N/A,resolvida_sw,10,1000,25.0,PUBLICO-19950211-089,Publico,1995-02-11,PUBLICO-19950407-126,PUBLICO-19950512-114,PUBLICO-19950619-123,PUBLICO-19941216-069,PUBLICO-19950414-137,PUBLICO-19950403-109,PUBLICO-19941127-094,PUBLICO-19950918-105,PUBLICO-19940412-009,PUBLICO-19950211-089|PUBLICO-19950407-126|PUBLICO-19950512-114|PUBLICO-19950619-123|PUBLICO-19941216-069|PUBLICO-19950414-137|PUBLICO-19950403-109|PUBLICO-19941127-094|PUBLICO-19950918-105|PUBLICO-19940412-009,
0195,2743,Como é que se chamava o filho dele?,Como é que se chamava o filho dele?,N/A,resolvida_sw,10,1000,9.9,FSP940819-002,Folha,940819,FSP940508-152,PUBLICO-19940326-183,PUBLICO-19951231-063,FSP950719-107,PUBLICO-19940203-123,PUBLICO-19941021-008,PUBLICO-19950824-048,FSP950517-093,FSP940612-117,FSP940819-002|FSP940508-152|PUBLICO-19940326-183|PUBLICO-19951231-063|FSP950719-107|PUBLICO-19940203-123|PUBLICO-19941021-008|PUBLICO-19950824-048|FSP950517-093|FSP940612-117,
0196,2744,Qual é a capital de Cuba?,Qual é a capital de Cuba?,N/A,resolvida_sw,10,1000,4.3,PUBLICO-19950821-024,Publico,1995-08-21,FSP940815-070,PUBLICO-19950406-120,FSP940911-232,FSP950924-126,PUBLICO-19940416-065,PUBLICO-19950129-051,FSP940130-250,FSP950513-009,FSP940502-034,PUBLICO-19950821-024|FSP940815-070|PUBLICO-19950406-120|FSP940911-232|FSP950924-126|PUBLICO-19940416-065|PUBLICO-19950129-051|FSP940130-250|FSP950513-009|FSP940502-034,
0197,2745,Quem criou o primeiro alfabeto?,Quem criou o primeiro alfabeto?,N/A,resolvida_sw,10,1000,45.3,PUBLICO-19941016-134,Publico,1994-10-16,FSP951110-135,FSP941013-010,PUBLICO-19940221-031,PUBLICO-19950504-181,PUBLICO-19940329-113,PUBLICO-19950307-137,PUBLICO-19950310-149,PUBLICO-19950708-196,PUBLICO-19940224-149,PUBLICO-19941016-134|FSP951110-135|FSP941013-010|PUBLICO-19940221-031|PUBLICO-19950504-181|PUBLICO-19940329-113|PUBLICO-19950307-137|PUBLICO-19950310-149|PUBLICO-19950708-196|PUBLICO-19940224-149,
0198,2746,Quando é que Porto Rico se tornou um estados dos EUA?,Quando é que Porto Rico se tornou um estados dos EUA?,N/A,resolvida_sw,10,1000,74.1,PUBLICO-19940219-190,Publico,1994-02-19,PUBLICO-19940225-153,PUBLICO-19950304-198,PUBLICO-19941219-025,PUBLICO-19951017-115,PUBLICO-19951019-146,FSP951126-095,PUBLICO-19941007-119,PUBLICO-19941021-069,FSP940213-137,PUBLICO-19940219-190|PUBLICO-19940225-153|PUBLICO-19950304-198|PUBLICO-19941219-025|PUBLICO-19951017-115|PUBLICO-19951019-146|FSP951126-095|PUBLICO-19941007-119|PUBLICO-19941021-069|FSP940213-137,
0199,2747,Onde fica Livorno?,Onde fica Livorno?,N/A,resolvida_sw,10,1000,5.8,FSP940830-097,Folha,940830,PUBLICO-19940809-109,PUBLICO-19940810-089,PUBLICO-19950521-007,FSP940704-112,FSP941102-090,PUBLICO-19941117-081,PUBLICO-19940811-009,FSP941102-091,FSP951106-122,FSP940830-097|PUBLICO-19940809-109|PUBLICO-19940810-089|PUBLICO-19950521-007|FSP940704-112|FSP941102-090|PUBLICO-19941117-081|PUBLICO-19940811-009|FSP941102-091|FSP951106-122,
0200,2748,O que são os iaques?,O que são os iaques?,N/A,resolvida_sw,10,1000,14.3,PUBLICO-19950613-109,Publico,1995-06-13,FSP951214-154,FSP940602-084,FSP951214-145,PUBLICO-19941227-056,FSP951214-157,PUBLICO-19940729-133,FSP950808-114,PUBLICO-19940604-060,PUBLICO-19940720-016,PUBLICO-19950613-109|FSP951214-154|FSP940602-084|FSP951214-145|PUBLICO-19941227-056|FSP951214-157|PUBLICO-19940729-133|FSP950808-114|PUBLICO-19940604-060|PUBLICO-19940720-016,
